2026.05.06 14:31:55 INFO  Started: Metals version 1.6.7 in folders 'C:\Users\user\OneDrive\Desktop\obbiydaalt' for client Visual Studio Code 1.118.1.
2026.05.06 14:31:55 INFO  Memory monitor started
2026.05.06 14:32:00 WARN  Using H2 2.4.240 which is newer than the version Flyway has been verified with. The latest verified version of H2 is 2.3.232.
2026.05.06 14:32:00 INFO  no build target found for C:\Users\user\OneDrive\Desktop\obbiydaalt\Main.java. Using fallback presentation compiler.
2026.05.06 14:32:01 WARN  no build tool detected in workspace 'C:\Users\user\OneDrive\Desktop\obbiydaalt'. The most common cause for this problem is that the editor was opened in the wrong working directory, for example if you use sbt then the workspace directory should contain build.sbt. 
2026.05.06 14:32:01 WARN  Build server is not auto-connectable.
2026.05.06 14:32:01 WARN  no build target for: C:\Users\user\OneDrive\Desktop\obbiydaalt\Main.java
2026.05.06 14:32:01 WARN  no build target for: C:\Users\user\OneDrive\Desktop\obbiydaalt\ShopManager.java
May 06, 2026 2:32:05 PM org.eclipse.lsp4j.jsonrpc.RemoteEndpoint handleCancellation
WARNING: Unmatched cancel notification for request id 5
May 06, 2026 2:32:05 PM org.eclipse.lsp4j.jsonrpc.RemoteEndpoint handleCancellation
WARNING: Unmatched cancel notification for request id 2
2026.05.06 14:32:05 INFO  no build target found for C:\Users\user\OneDrive\Desktop\obbiydaalt\Main.java. Using fallback presentation compiler.
2026.05.06 14:32:08 INFO  no build target found for C:\Users\user\OneDrive\Desktop\obbiydaalt\Main.java. Using fallback presentation compiler.
2026.05.06 14:33:09 INFO  no build target found for C:\Users\user\OneDrive\Desktop\obbiydaalt\Main.java. Using fallback presentation compiler.
2026.05.06 14:45:39 INFO  no build target found for C:\Users\user\OneDrive\Desktop\obbiydaalt\Main.java. Using fallback presentation compiler.
2026.05.07 23:50:49 INFO  Started: Metals version 1.6.7 in folders 'C:\Users\user\OneDrive\Desktop\obbiydaalt' for client Visual Studio Code 1.118.1.
2026.05.07 23:50:56 INFO  Memory monitor started
2026.05.07 23:51:03 WARN  Using H2 2.4.240 which is newer than the version Flyway has been verified with. The latest verified version of H2 is 2.3.232.
2026.05.07 23:51:04 INFO  no build target found for C:\Users\user\OneDrive\Desktop\obbiydaalt\Main.java. Using fallback presentation compiler.
2026.05.07 23:51:05 WARN  no build tool detected in workspace 'C:\Users\user\OneDrive\Desktop\obbiydaalt'. The most common cause for this problem is that the editor was opened in the wrong working directory, for example if you use sbt then the workspace directory should contain build.sbt. 
2026.05.07 23:51:05 WARN  Build server is not auto-connectable.
2026.05.07 23:51:05 WARN  no build target for: C:\Users\user\OneDrive\Desktop\obbiydaalt\Main.java
2026.05.07 23:51:05 INFO  no build target found for C:\Users\user\OneDrive\Desktop\obbiydaalt\Main.java. Using fallback presentation compiler.
May 07, 2026 11:51:06 PM org.eclipse.lsp4j.jsonrpc.RemoteEndpoint handleCancellation
WARNING: Unmatched cancel notification for request id 2
2026.05.07 23:51:06 INFO  no build target found for C:\Users\user\OneDrive\Desktop\obbiydaalt\Main.java. Using fallback presentation compiler.
2026.05.07 23:51:06 INFO  no build target found for C:\Users\user\OneDrive\Desktop\obbiydaalt\Main.java. Using fallback presentation compiler.
2026.05.07 23:51:06 INFO  no build target found for C:\Users\user\OneDrive\Desktop\obbiydaalt\Main.java. Using fallback presentation compiler.
2026.05.07 23:51:07 INFO  no build target found for C:\Users\user\OneDrive\Desktop\obbiydaalt\Main.java. Using fallback presentation compiler.
2026.05.07 23:51:07 INFO  no build target found for C:\Users\user\OneDrive\Desktop\obbiydaalt\Main.java. Using fallback presentation compiler.
May 07, 2026 11:51:07 PM org.eclipse.lsp4j.jsonrpc.RemoteEndpoint handleCancellation
WARNING: Unmatched cancel notification for request id 9
May 07, 2026 11:51:07 PM org.eclipse.lsp4j.jsonrpc.RemoteEndpoint handleCancellation
WARNING: Unmatched cancel notification for request id 10
May 07, 2026 11:51:07 PM org.eclipse.lsp4j.jsonrpc.RemoteEndpoint handleCancellation
WARNING: Unmatched cancel notification for request id 11
May 07, 2026 11:51:07 PM org.eclipse.lsp4j.jsonrpc.RemoteEndpoint handleCancellation
WARNING: Unmatched cancel notification for request id 3
2026.05.07 23:51:07 INFO  no build target found for C:\Users\user\OneDrive\Desktop\obbiydaalt\Main.java. Using fallback presentation compiler.
2026.05.07 23:51:07 INFO  time: code lens generation in 1.54s
2026.05.07 23:51:07 INFO  no build target found for C:\Users\user\OneDrive\Desktop\obbiydaalt\Main.java. Using fallback presentation compiler.
May 07, 2026 11:51:07 PM org.eclipse.lsp4j.jsonrpc.RemoteEndpoint handleCancellation
WARNING: Unmatched cancel notification for request id 14
2026.05.07 23:51:07 INFO  no build target found for C:\Users\user\OneDrive\Desktop\obbiydaalt\Main.java. Using fallback presentation compiler.
May 07, 2026 11:51:07 PM org.eclipse.lsp4j.jsonrpc.services.GenericEndpoint notify
INFO: Unsupported notification method: $/setTrace
May 07, 2026 11:51:07 PM org.eclipse.lsp4j.jsonrpc.RemoteEndpoint handleCancellation
WARNING: Unmatched cancel notification for request id 16
2026.05.07 23:51:07 INFO  no build target found for C:\Users\user\OneDrive\Desktop\obbiydaalt\Main.java. Using fallback presentation compiler.
May 07, 2026 11:51:08 PM org.eclipse.lsp4j.jsonrpc.services.GenericEndpoint notify
INFO: Unsupported notification method: $/setTrace
2026.05.07 23:51:07 INFO  no build target found for C:\Users\user\OneDrive\Desktop\obbiydaalt\Main.java. Using fallback presentation compiler.
May 07, 2026 11:51:08 PM org.eclipse.lsp4j.jsonrpc.RemoteEndpoint handleCancellation
WARNING: Unmatched cancel notification for request id 7
May 07, 2026 11:51:08 PM org.eclipse.lsp4j.jsonrpc.RemoteEndpoint handleCancellation
WARNING: Unmatched cancel notification for request id 21
2026.05.07 23:51:07 INFO  no build target found for C:\Users\user\OneDrive\Desktop\obbiydaalt\Main.java. Using fallback presentation compiler.
2026.05.07 23:51:08 INFO  no build target found for C:\Users\user\OneDrive\Desktop\obbiydaalt\Main.java. Using fallback presentation compiler.
2026.05.07 23:51:08 INFO  no build target found for C:\Users\user\OneDrive\Desktop\obbiydaalt\Main.java. Using fallback presentation compiler.
May 07, 2026 11:51:17 PM org.eclipse.lsp4j.jsonrpc.services.GenericEndpoint notify
INFO: Unsupported notification method: $/setTrace
May 07, 2026 11:51:17 PM org.eclipse.lsp4j.jsonrpc.services.GenericEndpoint notify
INFO: Unsupported notification method: $/setTrace
2026.05.07 23:51:17 INFO  no build target found for C:\Users\user\OneDrive\Desktop\obbiydaalt\Main.java. Using fallback presentation compiler.
2026.05.07 23:58:33 INFO  no build target found for C:\Users\user\OneDrive\Desktop\obbiydaalt\Main.java. Using fallback presentation compiler.
2026.05.07 23:58:34 INFO  no build target found for C:\Users\user\OneDrive\Desktop\obbiydaalt\Main.java. Using fallback presentation compiler.
2026.05.07 23:59:22 INFO  no build target found for C:\Users\user\OneDrive\Desktop\obbiydaalt\Main.java. Using fallback presentation compiler.
2026.05.07 23:59:53 INFO  Shutting down server
2026.05.07 23:59:53 INFO  Memory monitor stopped
2026.05.07 23:59:53 INFO  shutting down Metals
2026.05.07 23:59:53 INFO  Exiting server
2026.05.12 10:03:09 INFO  Started: Metals version 1.6.7 in folders 'C:\Users\user\OneDrive\Desktop\obbiydaalt' for client Visual Studio Code 1.119.0.
2026.05.12 10:03:09 INFO  Memory monitor started
2026.05.12 10:03:10 WARN  Using H2 2.4.240 which is newer than the version Flyway has been verified with. The latest verified version of H2 is 2.3.232.
2026.05.12 10:03:10 INFO  no build target found for C:\Users\user\OneDrive\Desktop\obbiydaalt\Main.java. Using fallback presentation compiler.
2026.05.12 10:03:12 WARN  no build tool detected in workspace 'C:\Users\user\OneDrive\Desktop\obbiydaalt'. The most common cause for this problem is that the editor was opened in the wrong working directory, for example if you use sbt then the workspace directory should contain build.sbt. 
2026.05.12 10:03:12 WARN  Build server is not auto-connectable.
2026.05.12 10:03:12 WARN  no build target for: C:\Users\user\OneDrive\Desktop\obbiydaalt\Main.java
May 12, 2026 10:03:17 AM org.eclipse.lsp4j.jsonrpc.services.GenericEndpoint notify
INFO: Unsupported notification method: $/setTrace
May 12, 2026 10:03:17 AM org.eclipse.lsp4j.jsonrpc.RemoteEndpoint handleCancellation
WARNING: Unmatched cancel notification for request id 2
May 12, 2026 10:03:17 AM org.eclipse.lsp4j.jsonrpc.RemoteEndpoint handleCancellation
WARNING: Unmatched cancel notification for request id 6
2026.05.12 10:03:17 WARN  no build target for: C:\Users\user\OneDrive\Desktop\obbiydaalt\Main.java
2026.05.12 10:03:17 INFO  no build target found for C:\Users\user\OneDrive\Desktop\obbiydaalt\Main.java. Using fallback presentation compiler.
May 12, 2026 10:03:18 AM org.eclipse.lsp4j.jsonrpc.RemoteEndpoint handleCancellation
WARNING: Unmatched cancel notification for request id 3
May 12, 2026 10:03:18 AM org.eclipse.lsp4j.jsonrpc.RemoteEndpoint handleCancellation
WARNING: Unmatched cancel notification for request id 10
2026.05.12 10:03:17 INFO  no build target found for C:\Users\user\OneDrive\Desktop\obbiydaalt\Main.java. Using fallback presentation compiler.
2026.05.12 10:03:17 INFO  no build target found for C:\Users\user\OneDrive\Desktop\obbiydaalt\Main.java. Using fallback presentation compiler.
2026.05.12 10:03:17 INFO  no build target found for C:\Users\user\OneDrive\Desktop\obbiydaalt\Main.java. Using fallback presentation compiler.
2026.05.12 10:03:17 INFO  no build target found for C:\Users\user\OneDrive\Desktop\obbiydaalt\Main.java. Using fallback presentation compiler.
2026.05.12 10:03:17 INFO  no build target found for C:\Users\user\OneDrive\Desktop\obbiydaalt\Main.java. Using fallback presentation compiler.
May 12, 2026 10:03:18 AM org.eclipse.lsp4j.jsonrpc.RemoteEndpoint handleCancellation
WARNING: Unmatched cancel notification for request id 14
May 12, 2026 10:03:18 AM org.eclipse.lsp4j.jsonrpc.RemoteEndpoint handleCancellation
WARNING: Unmatched cancel notification for request id 15
2026.05.12 10:03:18 INFO  no build target found for C:\Users\user\OneDrive\Desktop\obbiydaalt\Main.java. Using fallback presentation compiler.
May 12, 2026 10:03:18 AM org.eclipse.lsp4j.jsonrpc.RemoteEndpoint handleCancellation
WARNING: Unmatched cancel notification for request id 16
2026.05.12 10:03:17 INFO  no build target found for C:\Users\user\OneDrive\Desktop\obbiydaalt\Main.java. Using fallback presentation compiler.
2026.05.12 10:03:17 INFO  no build target found for C:\Users\user\OneDrive\Desktop\obbiydaalt\Main.java. Using fallback presentation compiler.
2026.05.12 10:03:21 INFO  no build target found for C:\Users\user\OneDrive\Desktop\obbiydaalt\Main.java. Using fallback presentation compiler.
2026.05.12 10:03:21 INFO  no build target found for C:\Users\user\OneDrive\Desktop\obbiydaalt\Main.java. Using fallback presentation compiler.
2026.05.12 10:03:22 INFO  no build target found for C:\Users\user\OneDrive\Desktop\obbiydaalt\Main.java. Using fallback presentation compiler.
2026.05.12 10:03:24 INFO  no build target found for C:\Users\user\OneDrive\Desktop\obbiydaalt\Main.java. Using fallback presentation compiler.
2026.05.12 10:03:24 INFO  no build target found for C:\Users\user\OneDrive\Desktop\obbiydaalt\Main.java. Using fallback presentation compiler.
May 12, 2026 10:03:29 AM org.eclipse.lsp4j.jsonrpc.services.GenericEndpoint notify
INFO: Unsupported notification method: $/setTrace
2026.05.12 10:03:30 INFO  no build target found for C:\Users\user\OneDrive\Desktop\obbiydaalt\Main.java. Using fallback presentation compiler.
May 12, 2026 10:03:58 AM org.eclipse.lsp4j.jsonrpc.services.GenericEndpoint notify
INFO: Unsupported notification method: $/setTrace
2026.05.12 10:03:58 INFO  no build target found for C:\Users\user\OneDrive\Desktop\obbiydaalt\Main.java. Using fallback presentation compiler.
2026.05.12 10:09:35 WARN  no build target for: C:\Users\user\OneDrive\Desktop\obbiydaalt\LoginGUI.java
2026.05.12 10:09:35 INFO  no build target found for C:\Users\user\OneDrive\Desktop\obbiydaalt\LoginGUI.java. Using fallback presentation compiler.
May 12, 2026 10:09:35 AM org.eclipse.lsp4j.jsonrpc.RemoteEndpoint handleCancellation
WARNING: Unmatched cancel notification for request id 39
2026.05.12 10:09:35 INFO  no build target found for C:\Users\user\OneDrive\Desktop\obbiydaalt\LoginGUI.java. Using fallback presentation compiler.
2026.05.12 10:09:35 INFO  no build target found for C:\Users\user\OneDrive\Desktop\obbiydaalt\LoginGUI.java. Using fallback presentation compiler.
2026.05.12 10:09:35 INFO  no build target found for C:\Users\user\OneDrive\Desktop\obbiydaalt\LoginGUI.java. Using fallback presentation compiler.
2026.05.12 10:09:36 INFO  no build target found for C:\Users\user\OneDrive\Desktop\obbiydaalt\LoginGUI.java. Using fallback presentation compiler.
2026.05.12 10:09:54 INFO  no build target found for C:\Users\user\OneDrive\Desktop\obbiydaalt\LoginGUI.java. Using fallback presentation compiler.
2026.05.12 10:10:23 INFO  no build target found for C:\Users\user\OneDrive\Desktop\obbiydaalt\LoginGUI.java. Using fallback presentation compiler.
2026.05.12 10:10:23 INFO  no build target found for C:\Users\user\OneDrive\Desktop\obbiydaalt\LoginGUI.java. Using fallback presentation compiler.
2026.05.12 10:10:25 INFO  no build target found for C:\Users\user\OneDrive\Desktop\obbiydaalt\LoginGUI.java. Using fallback presentation compiler.
2026.05.12 10:10:25 INFO  no build target found for C:\Users\user\OneDrive\Desktop\obbiydaalt\LoginGUI.java. Using fallback presentation compiler.
2026.05.12 10:10:25 INFO  no build target found for C:\Users\user\OneDrive\Desktop\obbiydaalt\LoginGUI.java. Using fallback presentation compiler.
2026.05.12 10:10:25 INFO  no build target found for C:\Users\user\OneDrive\Desktop\obbiydaalt\LoginGUI.java. Using fallback presentation compiler.
2026.05.12 10:10:25 INFO  no build target found for C:\Users\user\OneDrive\Desktop\obbiydaalt\LoginGUI.java. Using fallback presentation compiler.
2026.05.12 10:10:26 INFO  no build target found for C:\Users\user\OneDrive\Desktop\obbiydaalt\LoginGUI.java. Using fallback presentation compiler.
2026.05.12 10:10:25 INFO  no build target found for C:\Users\user\OneDrive\Desktop\obbiydaalt\LoginGUI.java. Using fallback presentation compiler.
2026.05.12 10:10:27 INFO  no build target found for C:\Users\user\OneDrive\Desktop\obbiydaalt\LoginGUI.java. Using fallback presentation compiler.
2026.05.12 10:10:27 WARN  no build target for: C:\Users\user\OneDrive\Desktop\obbiydaalt\LoginGUI.java
2026.05.12 10:10:27 INFO  no build target found for C:\Users\user\OneDrive\Desktop\obbiydaalt\LoginGUI.java. Using fallback presentation compiler.
2026.05.12 10:10:27 WARN  no build target for: C:\Users\user\OneDrive\Desktop\obbiydaalt\LoginGUI.java
2026.05.12 10:10:27 INFO  no build target found for C:\Users\user\OneDrive\Desktop\obbiydaalt\LoginGUI.java. Using fallback presentation compiler.
2026.05.12 10:10:28 INFO  no build target found for C:\Users\user\OneDrive\Desktop\obbiydaalt\LoginGUI.java. Using fallback presentation compiler.
2026.05.12 10:10:40 INFO  no build target found for C:\Users\user\OneDrive\Desktop\obbiydaalt\LoginGUI.java. Using fallback presentation compiler.
2026.05.12 10:10:40 INFO  no build target found for C:\Users\user\OneDrive\Desktop\obbiydaalt\LoginGUI.java. Using fallback presentation compiler.
2026.05.12 10:10:41 INFO  no build target found for C:\Users\user\OneDrive\Desktop\obbiydaalt\LoginGUI.java. Using fallback presentation compiler.
2026.05.12 10:10:41 INFO  no build target found for C:\Users\user\OneDrive\Desktop\obbiydaalt\LoginGUI.java. Using fallback presentation compiler.
2026.05.12 10:10:42 INFO  no build target found for C:\Users\user\OneDrive\Desktop\obbiydaalt\LoginGUI.java. Using fallback presentation compiler.
2026.05.12 10:10:41 INFO  no build target found for C:\Users\user\OneDrive\Desktop\obbiydaalt\LoginGUI.java. Using fallback presentation compiler.
2026.05.12 10:10:41 INFO  no build target found for C:\Users\user\OneDrive\Desktop\obbiydaalt\LoginGUI.java. Using fallback presentation compiler.
2026.05.12 10:10:42 INFO  no build target found for C:\Users\user\OneDrive\Desktop\obbiydaalt\LoginGUI.java. Using fallback presentation compiler.
2026.05.12 10:10:42 INFO  no build target found for C:\Users\user\OneDrive\Desktop\obbiydaalt\LoginGUI.java. Using fallback presentation compiler.
2026.05.12 10:10:42 INFO  no build target found for C:\Users\user\OneDrive\Desktop\obbiydaalt\LoginGUI.java. Using fallback presentation compiler.
2026.05.12 10:10:42 INFO  no build target found for C:\Users\user\OneDrive\Desktop\obbiydaalt\LoginGUI.java. Using fallback presentation compiler.
2026.05.12 10:10:43 WARN  no build target for: C:\Users\user\OneDrive\Desktop\obbiydaalt\LoginGUI.java
2026.05.12 10:10:43 INFO  no build target found for C:\Users\user\OneDrive\Desktop\obbiydaalt\LoginGUI.java. Using fallback presentation compiler.
2026.05.12 10:10:42 INFO  no build target found for C:\Users\user\OneDrive\Desktop\obbiydaalt\LoginGUI.java. Using fallback presentation compiler.
2026.05.12 10:10:44 INFO  no build target found for C:\Users\user\OneDrive\Desktop\obbiydaalt\LoginGUI.java. Using fallback presentation compiler.
2026.05.12 10:11:12 INFO  no build target found for C:\Users\user\OneDrive\Desktop\obbiydaalt\LoginGUI.java. Using fallback presentation compiler.
2026.05.12 10:11:17 INFO  no build target found for C:\Users\user\OneDrive\Desktop\obbiydaalt\LoginGUI.java. Using fallback presentation compiler.
2026.05.12 10:11:20 INFO  no build target found for C:\Users\user\OneDrive\Desktop\obbiydaalt\LoginGUI.java. Using fallback presentation compiler.
2026.05.12 10:12:02 INFO  no build target found for C:\Users\user\OneDrive\Desktop\obbiydaalt\LoginGUI.java. Using fallback presentation compiler.
2026.05.12 10:12:05 INFO  no build target found for C:\Users\user\OneDrive\Desktop\obbiydaalt\LoginGUI.java. Using fallback presentation compiler.
2026.05.12 10:12:08 INFO  no build target found for C:\Users\user\OneDrive\Desktop\obbiydaalt\LoginGUI.java. Using fallback presentation compiler.
2026.05.12 10:15:32 INFO  no build target found for C:\Users\user\OneDrive\Desktop\obbiydaalt\LoginGUI.java. Using fallback presentation compiler.
2026.05.12 10:15:34 INFO  no build target found for C:\Users\user\OneDrive\Desktop\obbiydaalt\LoginGUI.java. Using fallback presentation compiler.
2026.05.12 10:15:37 INFO  no build target found for C:\Users\user\OneDrive\Desktop\obbiydaalt\LoginGUI.java. Using fallback presentation compiler.
2026.05.12 10:15:54 WARN  no build target for: C:\Users\user\OneDrive\Desktop\obbiydaalt\ShopGUI.java
2026.05.12 10:15:54 INFO  no build target found for C:\Users\user\OneDrive\Desktop\obbiydaalt\ShopGUI.java. Using fallback presentation compiler.
2026.05.12 10:15:54 INFO  no build target found for C:\Users\user\OneDrive\Desktop\obbiydaalt\ShopGUI.java. Using fallback presentation compiler.
2026.05.12 10:15:54 INFO  no build target found for C:\Users\user\OneDrive\Desktop\obbiydaalt\ShopGUI.java. Using fallback presentation compiler.
2026.05.12 10:15:54 INFO  no build target found for C:\Users\user\OneDrive\Desktop\obbiydaalt\ShopGUI.java. Using fallback presentation compiler.
2026.05.12 10:15:55 INFO  no build target found for C:\Users\user\OneDrive\Desktop\obbiydaalt\ShopGUI.java. Using fallback presentation compiler.
2026.05.12 10:15:54 INFO  no build target found for C:\Users\user\OneDrive\Desktop\obbiydaalt\ShopGUI.java. Using fallback presentation compiler.
2026.05.12 10:16:00 INFO  no build target found for C:\Users\user\OneDrive\Desktop\obbiydaalt\ShopGUI.java. Using fallback presentation compiler.
2026.05.12 10:16:00 INFO  no build target found for C:\Users\user\OneDrive\Desktop\obbiydaalt\ShopGUI.java. Using fallback presentation compiler.
2026.05.12 10:16:00 INFO  no build target found for C:\Users\user\OneDrive\Desktop\obbiydaalt\ShopGUI.java. Using fallback presentation compiler.
2026.05.12 10:16:01 INFO  no build target found for C:\Users\user\OneDrive\Desktop\obbiydaalt\ShopGUI.java. Using fallback presentation compiler.
2026.05.12 10:16:01 INFO  no build target found for C:\Users\user\OneDrive\Desktop\obbiydaalt\ShopGUI.java. Using fallback presentation compiler.
2026.05.12 10:16:03 INFO  no build target found for C:\Users\user\OneDrive\Desktop\obbiydaalt\ShopGUI.java. Using fallback presentation compiler.
2026.05.12 10:16:03 INFO  no build target found for C:\Users\user\OneDrive\Desktop\obbiydaalt\ShopGUI.java. Using fallback presentation compiler.
2026.05.12 10:16:03 INFO  no build target found for C:\Users\user\OneDrive\Desktop\obbiydaalt\ShopGUI.java. Using fallback presentation compiler.
2026.05.12 10:16:04 WARN  no build target for: C:\Users\user\OneDrive\Desktop\obbiydaalt\ShopGUI.java
2026.05.12 10:16:04 INFO  no build target found for C:\Users\user\OneDrive\Desktop\obbiydaalt\ShopGUI.java. Using fallback presentation compiler.
2026.05.12 10:16:06 WARN  no build target for: C:\Users\user\OneDrive\Desktop\obbiydaalt\ShopGUI.java
2026.05.12 10:16:06 INFO  no build target found for C:\Users\user\OneDrive\Desktop\obbiydaalt\ShopGUI.java. Using fallback presentation compiler.
2026.05.12 10:20:29 INFO  no build target found for C:\Users\user\OneDrive\Desktop\obbiydaalt\ShopGUI.java. Using fallback presentation compiler.
2026.05.12 10:21:31 INFO  no build target found for C:\Users\user\OneDrive\Desktop\obbiydaalt\ShopGUI.java. Using fallback presentation compiler.
2026.05.12 10:21:31 INFO  no build target found for C:\Users\user\OneDrive\Desktop\obbiydaalt\ShopGUI.java. Using fallback presentation compiler.
2026.05.12 10:21:31 INFO  no build target found for C:\Users\user\OneDrive\Desktop\obbiydaalt\ShopGUI.java. Using fallback presentation compiler.
2026.05.12 10:21:38 INFO  no build target found for C:\Users\user\OneDrive\Desktop\obbiydaalt\ShopGUI.java. Using fallback presentation compiler.
2026.05.12 10:21:38 INFO  no build target found for C:\Users\user\OneDrive\Desktop\obbiydaalt\ShopGUI.java. Using fallback presentation compiler.
2026.05.12 10:21:38 INFO  no build target found for C:\Users\user\OneDrive\Desktop\obbiydaalt\ShopGUI.java. Using fallback presentation compiler.
2026.05.12 10:21:40 INFO  no build target found for C:\Users\user\OneDrive\Desktop\obbiydaalt\ShopGUI.java. Using fallback presentation compiler.
2026.05.12 10:21:40 INFO  no build target found for C:\Users\user\OneDrive\Desktop\obbiydaalt\ShopGUI.java. Using fallback presentation compiler.
2026.05.12 10:21:40 INFO  empty definition using pc, found symbol in pc: javax/swing/JPanel# (full report at: "C:\Users\user\OneDrive\Desktop\obbiydaalt\.metals\.reports\metals-full\2026-05-03\r_empty-definition_14-51-42-548.md")
2026.05.12 10:21:40 INFO  no build target found for C:\Users\user\OneDrive\Desktop\obbiydaalt\ShopGUI.java. Using fallback presentation compiler.
2026.05.12 10:21:40 INFO  no build target found for C:\Users\user\OneDrive\Desktop\obbiydaalt\ShopGUI.java. Using fallback presentation compiler.
2026.05.12 10:21:40 INFO  no build target found for C:\Users\user\OneDrive\Desktop\obbiydaalt\ShopGUI.java. Using fallback presentation compiler.
2026.05.12 10:21:41 WARN  no build target for: C:\Users\user\OneDrive\Desktop\obbiydaalt\ShopGUI.java
2026.05.12 10:21:41 INFO  no build target found for C:\Users\user\OneDrive\Desktop\obbiydaalt\ShopGUI.java. Using fallback presentation compiler.
2026.05.12 10:21:42 INFO  no build target found for C:\Users\user\OneDrive\Desktop\obbiydaalt\ShopGUI.java. Using fallback presentation compiler.
2026.05.12 10:21:42 INFO  no build target found for C:\Users\user\OneDrive\Desktop\obbiydaalt\ShopGUI.java. Using fallback presentation compiler.
2026.05.12 10:21:42 INFO  no build target found for C:\Users\user\OneDrive\Desktop\obbiydaalt\ShopGUI.java. Using fallback presentation compiler.
2026.05.12 10:21:44 INFO  no build target found for C:\Users\user\OneDrive\Desktop\obbiydaalt\ShopGUI.java. Using fallback presentation compiler.
2026.05.12 10:21:44 INFO  no build target found for C:\Users\user\OneDrive\Desktop\obbiydaalt\ShopGUI.java. Using fallback presentation compiler.
2026.05.12 10:21:44 INFO  no build target found for C:\Users\user\OneDrive\Desktop\obbiydaalt\ShopGUI.java. Using fallback presentation compiler.
2026.05.12 10:21:45 INFO  no build target found for C:\Users\user\OneDrive\Desktop\obbiydaalt\ShopGUI.java. Using fallback presentation compiler.
2026.05.12 10:21:45 INFO  no build target found for C:\Users\user\OneDrive\Desktop\obbiydaalt\ShopGUI.java. Using fallback presentation compiler.
2026.05.12 10:21:45 INFO  no build target found for C:\Users\user\OneDrive\Desktop\obbiydaalt\ShopGUI.java. Using fallback presentation compiler.
2026.05.12 10:21:46 WARN  no build target for: C:\Users\user\OneDrive\Desktop\obbiydaalt\ShopGUI.java
2026.05.12 10:21:45 INFO  no build target found for C:\Users\user\OneDrive\Desktop\obbiydaalt\ShopGUI.java. Using fallback presentation compiler.
2026.05.12 10:21:46 INFO  no build target found for C:\Users\user\OneDrive\Desktop\obbiydaalt\ShopGUI.java. Using fallback presentation compiler.
2026.05.12 10:21:47 INFO  no build target found for C:\Users\user\OneDrive\Desktop\obbiydaalt\ShopGUI.java. Using fallback presentation compiler.
2026.05.12 10:21:48 INFO  no build target found for C:\Users\user\OneDrive\Desktop\obbiydaalt\ShopGUI.java. Using fallback presentation compiler.
2026.05.12 10:21:48 INFO  no build target found for C:\Users\user\OneDrive\Desktop\obbiydaalt\ShopGUI.java. Using fallback presentation compiler.
2026.05.12 10:21:48 INFO  no build target found for C:\Users\user\OneDrive\Desktop\obbiydaalt\ShopGUI.java. Using fallback presentation compiler.
2026.05.12 10:21:49 WARN  Running javac-semanticdb failed for file:///C:/Users/user/OneDrive/Desktop/obbiydaalt/ShopGUI.java. Output:

2026.05.12 10:21:49 INFO  no build target found for C:\Users\user\OneDrive\Desktop\obbiydaalt\ShopGUI.java. Using fallback presentation compiler.
2026.05.12 10:21:49 INFO  no build target found for C:\Users\user\OneDrive\Desktop\obbiydaalt\ShopGUI.java. Using fallback presentation compiler.
2026.05.12 10:21:50 WARN  no build target for: C:\Users\user\OneDrive\Desktop\obbiydaalt\ShopGUI.java
2026.05.12 10:21:49 INFO  no build target found for C:\Users\user\OneDrive\Desktop\obbiydaalt\ShopGUI.java. Using fallback presentation compiler.
2026.05.12 10:21:49 INFO  no build target found for C:\Users\user\OneDrive\Desktop\obbiydaalt\ShopGUI.java. Using fallback presentation compiler.
2026.05.12 10:21:49 INFO  no build target found for C:\Users\user\OneDrive\Desktop\obbiydaalt\ShopGUI.java. Using fallback presentation compiler.
2026.05.12 10:21:50 INFO  no build target found for C:\Users\user\OneDrive\Desktop\obbiydaalt\ShopGUI.java. Using fallback presentation compiler.
2026.05.12 10:21:50 WARN  no build target for: C:\Users\user\OneDrive\Desktop\obbiydaalt\ShopGUI.java
2026.05.12 10:21:50 INFO  no build target found for C:\Users\user\OneDrive\Desktop\obbiydaalt\ShopGUI.java. Using fallback presentation compiler.
2026.05.12 10:21:51 INFO  no build target found for C:\Users\user\OneDrive\Desktop\obbiydaalt\ShopGUI.java. Using fallback presentation compiler.
2026.05.12 10:21:51 INFO  no build target found for C:\Users\user\OneDrive\Desktop\obbiydaalt\ShopGUI.java. Using fallback presentation compiler.
2026.05.12 10:21:58 INFO  no build target found for C:\Users\user\OneDrive\Desktop\obbiydaalt\ShopGUI.java. Using fallback presentation compiler.
2026.05.12 10:22:07 INFO  no build target found for C:\Users\user\OneDrive\Desktop\obbiydaalt\ShopGUI.java. Using fallback presentation compiler.
2026.05.12 10:22:07 INFO  no build target found for C:\Users\user\OneDrive\Desktop\obbiydaalt\ShopGUI.java. Using fallback presentation compiler.
2026.05.12 10:22:07 INFO  no build target found for C:\Users\user\OneDrive\Desktop\obbiydaalt\ShopGUI.java. Using fallback presentation compiler.
2026.05.12 10:22:08 INFO  no build target found for C:\Users\user\OneDrive\Desktop\obbiydaalt\ShopGUI.java. Using fallback presentation compiler.
2026.05.12 10:22:08 INFO  no build target found for C:\Users\user\OneDrive\Desktop\obbiydaalt\ShopGUI.java. Using fallback presentation compiler.
May 12, 2026 10:22:08 AM org.eclipse.lsp4j.jsonrpc.RemoteEndpoint handleCancellation
WARNING: Unmatched cancel notification for request id 956
2026.05.12 10:22:08 INFO  no build target found for C:\Users\user\OneDrive\Desktop\obbiydaalt\ShopGUI.java. Using fallback presentation compiler.
2026.05.12 10:22:09 INFO  no build target found for C:\Users\user\OneDrive\Desktop\obbiydaalt\ShopGUI.java. Using fallback presentation compiler.
2026.05.12 10:22:08 INFO  no build target found for C:\Users\user\OneDrive\Desktop\obbiydaalt\ShopGUI.java. Using fallback presentation compiler.
2026.05.12 10:22:08 INFO  no build target found for C:\Users\user\OneDrive\Desktop\obbiydaalt\ShopGUI.java. Using fallback presentation compiler.
2026.05.12 10:22:09 INFO  no build target found for C:\Users\user\OneDrive\Desktop\obbiydaalt\ShopGUI.java. Using fallback presentation compiler.
2026.05.12 10:22:08 INFO  no build target found for C:\Users\user\OneDrive\Desktop\obbiydaalt\ShopGUI.java. Using fallback presentation compiler.
2026.05.12 10:22:10 INFO  no build target found for C:\Users\user\OneDrive\Desktop\obbiydaalt\ShopGUI.java. Using fallback presentation compiler.
2026.05.12 10:22:10 INFO  no build target found for C:\Users\user\OneDrive\Desktop\obbiydaalt\ShopGUI.java. Using fallback presentation compiler.
2026.05.12 10:22:10 INFO  no build target found for C:\Users\user\OneDrive\Desktop\obbiydaalt\ShopGUI.java. Using fallback presentation compiler.
2026.05.12 10:22:10 INFO  no build target found for C:\Users\user\OneDrive\Desktop\obbiydaalt\ShopGUI.java. Using fallback presentation compiler.
2026.05.12 10:22:10 INFO  no build target found for C:\Users\user\OneDrive\Desktop\obbiydaalt\ShopGUI.java. Using fallback presentation compiler.
2026.05.12 10:22:10 INFO  no build target found for C:\Users\user\OneDrive\Desktop\obbiydaalt\ShopGUI.java. Using fallback presentation compiler.
2026.05.12 10:22:10 INFO  no build target found for C:\Users\user\OneDrive\Desktop\obbiydaalt\ShopGUI.java. Using fallback presentation compiler.
2026.05.12 10:22:10 INFO  no build target found for C:\Users\user\OneDrive\Desktop\obbiydaalt\ShopGUI.java. Using fallback presentation compiler.
2026.05.12 10:22:11 INFO  no build target found for C:\Users\user\OneDrive\Desktop\obbiydaalt\ShopGUI.java. Using fallback presentation compiler.
2026.05.12 10:22:11 INFO  no build target found for C:\Users\user\OneDrive\Desktop\obbiydaalt\ShopGUI.java. Using fallback presentation compiler.
2026.05.12 10:22:11 INFO  no build target found for C:\Users\user\OneDrive\Desktop\obbiydaalt\ShopGUI.java. Using fallback presentation compiler.
2026.05.12 10:22:11 INFO  no build target found for C:\Users\user\OneDrive\Desktop\obbiydaalt\ShopGUI.java. Using fallback presentation compiler.
2026.05.12 10:22:11 INFO  no build target found for C:\Users\user\OneDrive\Desktop\obbiydaalt\ShopGUI.java. Using fallback presentation compiler.
2026.05.12 10:22:11 INFO  no build target found for C:\Users\user\OneDrive\Desktop\obbiydaalt\ShopGUI.java. Using fallback presentation compiler.
2026.05.12 10:22:12 WARN  no build target for: C:\Users\user\OneDrive\Desktop\obbiydaalt\ShopGUI.java
2026.05.12 10:22:11 INFO  no build target found for C:\Users\user\OneDrive\Desktop\obbiydaalt\ShopGUI.java. Using fallback presentation compiler.
2026.05.12 10:22:13 INFO  no build target found for C:\Users\user\OneDrive\Desktop\obbiydaalt\ShopGUI.java. Using fallback presentation compiler.
2026.05.12 10:22:13 INFO  no build target found for C:\Users\user\OneDrive\Desktop\obbiydaalt\ShopGUI.java. Using fallback presentation compiler.
2026.05.12 10:22:17 INFO  no build target found for C:\Users\user\OneDrive\Desktop\obbiydaalt\ShopGUI.java. Using fallback presentation compiler.
2026.05.12 10:22:17 INFO  no build target found for C:\Users\user\OneDrive\Desktop\obbiydaalt\ShopGUI.java. Using fallback presentation compiler.
2026.05.12 10:22:17 INFO  no build target found for C:\Users\user\OneDrive\Desktop\obbiydaalt\ShopGUI.java. Using fallback presentation compiler.
2026.05.12 10:22:17 INFO  no build target found for C:\Users\user\OneDrive\Desktop\obbiydaalt\ShopGUI.java. Using fallback presentation compiler.
2026.05.12 10:22:17 INFO  no build target found for C:\Users\user\OneDrive\Desktop\obbiydaalt\ShopGUI.java. Using fallback presentation compiler.
2026.05.12 10:22:17 INFO  no build target found for C:\Users\user\OneDrive\Desktop\obbiydaalt\ShopGUI.java. Using fallback presentation compiler.
2026.05.12 10:22:17 INFO  no build target found for C:\Users\user\OneDrive\Desktop\obbiydaalt\ShopGUI.java. Using fallback presentation compiler.
2026.05.12 10:22:17 INFO  no build target found for C:\Users\user\OneDrive\Desktop\obbiydaalt\ShopGUI.java. Using fallback presentation compiler.
2026.05.12 10:22:17 INFO  no build target found for C:\Users\user\OneDrive\Desktop\obbiydaalt\ShopGUI.java. Using fallback presentation compiler.
2026.05.12 10:22:17 INFO  no build target found for C:\Users\user\OneDrive\Desktop\obbiydaalt\ShopGUI.java. Using fallback presentation compiler.
2026.05.12 10:22:18 INFO  no build target found for C:\Users\user\OneDrive\Desktop\obbiydaalt\ShopGUI.java. Using fallback presentation compiler.
2026.05.12 10:22:18 INFO  no build target found for C:\Users\user\OneDrive\Desktop\obbiydaalt\ShopGUI.java. Using fallback presentation compiler.
May 12, 2026 10:22:18 AM org.eclipse.lsp4j.jsonrpc.RemoteEndpoint handleCancellation
WARNING: Unmatched cancel notification for request id 1033
2026.05.12 10:22:18 INFO  no build target found for C:\Users\user\OneDrive\Desktop\obbiydaalt\ShopGUI.java. Using fallback presentation compiler.
2026.05.12 10:22:18 INFO  no build target found for C:\Users\user\OneDrive\Desktop\obbiydaalt\ShopGUI.java. Using fallback presentation compiler.
2026.05.12 10:22:19 INFO  no build target found for C:\Users\user\OneDrive\Desktop\obbiydaalt\ShopGUI.java. Using fallback presentation compiler.
2026.05.12 10:22:18 INFO  no build target found for C:\Users\user\OneDrive\Desktop\obbiydaalt\ShopGUI.java. Using fallback presentation compiler.
2026.05.12 10:22:19 WARN  no build target for: C:\Users\user\OneDrive\Desktop\obbiydaalt\ShopGUI.java
2026.05.12 10:22:19 INFO  no build target found for C:\Users\user\OneDrive\Desktop\obbiydaalt\ShopGUI.java. Using fallback presentation compiler.
2026.05.12 10:22:19 WARN  no build target for: C:\Users\user\OneDrive\Desktop\obbiydaalt\ShopGUI.java
2026.05.12 10:22:19 INFO  no build target found for C:\Users\user\OneDrive\Desktop\obbiydaalt\ShopGUI.java. Using fallback presentation compiler.
2026.05.12 10:22:20 INFO  no build target found for C:\Users\user\OneDrive\Desktop\obbiydaalt\ShopGUI.java. Using fallback presentation compiler.
2026.05.12 10:22:20 INFO  no build target found for C:\Users\user\OneDrive\Desktop\obbiydaalt\ShopGUI.java. Using fallback presentation compiler.
2026.05.12 10:22:32 INFO  no build target found for C:\Users\user\OneDrive\Desktop\obbiydaalt\ShopGUI.java. Using fallback presentation compiler.
2026.05.12 10:22:32 INFO  no build target found for C:\Users\user\OneDrive\Desktop\obbiydaalt\ShopGUI.java. Using fallback presentation compiler.
2026.05.12 10:22:34 INFO  no build target found for C:\Users\user\OneDrive\Desktop\obbiydaalt\ShopGUI.java. Using fallback presentation compiler.
2026.05.12 10:22:34 INFO  no build target found for C:\Users\user\OneDrive\Desktop\obbiydaalt\ShopGUI.java. Using fallback presentation compiler.
2026.05.12 10:22:34 INFO  no build target found for C:\Users\user\OneDrive\Desktop\obbiydaalt\ShopGUI.java. Using fallback presentation compiler.
2026.05.12 10:22:34 INFO  no build target found for C:\Users\user\OneDrive\Desktop\obbiydaalt\ShopGUI.java. Using fallback presentation compiler.
2026.05.12 10:22:34 INFO  no build target found for C:\Users\user\OneDrive\Desktop\obbiydaalt\ShopGUI.java. Using fallback presentation compiler.
2026.05.12 10:22:34 INFO  no build target found for C:\Users\user\OneDrive\Desktop\obbiydaalt\ShopGUI.java. Using fallback presentation compiler.
May 12, 2026 10:22:35 AM org.eclipse.lsp4j.jsonrpc.RemoteEndpoint handleCancellation
WARNING: Unmatched cancel notification for request id 1085
2026.05.12 10:22:34 INFO  no build target found for C:\Users\user\OneDrive\Desktop\obbiydaalt\ShopGUI.java. Using fallback presentation compiler.
2026.05.12 10:22:35 INFO  no build target found for C:\Users\user\OneDrive\Desktop\obbiydaalt\ShopGUI.java. Using fallback presentation compiler.
2026.05.12 10:22:34 INFO  no build target found for C:\Users\user\OneDrive\Desktop\obbiydaalt\ShopGUI.java. Using fallback presentation compiler.
2026.05.12 10:22:35 INFO  no build target found for C:\Users\user\OneDrive\Desktop\obbiydaalt\ShopGUI.java. Using fallback presentation compiler.
2026.05.12 10:22:35 INFO  no build target found for C:\Users\user\OneDrive\Desktop\obbiydaalt\ShopGUI.java. Using fallback presentation compiler.
2026.05.12 10:22:35 INFO  no build target found for C:\Users\user\OneDrive\Desktop\obbiydaalt\ShopGUI.java. Using fallback presentation compiler.
2026.05.12 10:22:36 INFO  no build target found for C:\Users\user\OneDrive\Desktop\obbiydaalt\ShopGUI.java. Using fallback presentation compiler.
2026.05.12 10:22:36 INFO  no build target found for C:\Users\user\OneDrive\Desktop\obbiydaalt\ShopGUI.java. Using fallback presentation compiler.
May 12, 2026 10:22:36 AM org.eclipse.lsp4j.jsonrpc.RemoteEndpoint handleCancellation
WARNING: Unmatched cancel notification for request id 1097
2026.05.12 10:22:36 INFO  no build target found for C:\Users\user\OneDrive\Desktop\obbiydaalt\ShopGUI.java. Using fallback presentation compiler.
2026.05.12 10:22:36 INFO  no build target found for C:\Users\user\OneDrive\Desktop\obbiydaalt\ShopGUI.java. Using fallback presentation compiler.
May 12, 2026 10:22:36 AM org.eclipse.lsp4j.jsonrpc.RemoteEndpoint handleCancellation
WARNING: Unmatched cancel notification for request id 1103
2026.05.12 10:22:36 INFO  no build target found for C:\Users\user\OneDrive\Desktop\obbiydaalt\ShopGUI.java. Using fallback presentation compiler.
2026.05.12 10:22:36 INFO  no build target found for C:\Users\user\OneDrive\Desktop\obbiydaalt\ShopGUI.java. Using fallback presentation compiler.
2026.05.12 10:22:36 INFO  no build target found for C:\Users\user\OneDrive\Desktop\obbiydaalt\ShopGUI.java. Using fallback presentation compiler.
2026.05.12 10:22:37 INFO  no build target found for C:\Users\user\OneDrive\Desktop\obbiydaalt\ShopGUI.java. Using fallback presentation compiler.
2026.05.12 10:22:37 INFO  no build target found for C:\Users\user\OneDrive\Desktop\obbiydaalt\ShopGUI.java. Using fallback presentation compiler.
2026.05.12 10:22:37 INFO  no build target found for C:\Users\user\OneDrive\Desktop\obbiydaalt\ShopGUI.java. Using fallback presentation compiler.
2026.05.12 10:22:37 INFO  no build target found for C:\Users\user\OneDrive\Desktop\obbiydaalt\ShopGUI.java. Using fallback presentation compiler.
2026.05.12 10:22:38 WARN  no build target for: C:\Users\user\OneDrive\Desktop\obbiydaalt\ShopGUI.java
2026.05.12 10:22:38 INFO  no build target found for C:\Users\user\OneDrive\Desktop\obbiydaalt\ShopGUI.java. Using fallback presentation compiler.
2026.05.12 10:22:38 INFO  no build target found for C:\Users\user\OneDrive\Desktop\obbiydaalt\ShopGUI.java. Using fallback presentation compiler.
2026.05.12 10:57:18 INFO  Started: Metals version 1.6.7 in folders 'C:\Users\user\OneDrive\Desktop\obbiydaalt' for client Visual Studio Code 1.119.0.
2026.05.12 10:57:18 INFO  Memory monitor started
2026.05.12 10:57:23 WARN  Using H2 2.4.240 which is newer than the version Flyway has been verified with. The latest verified version of H2 is 2.3.232.
2026.05.12 10:57:23 INFO  no build target found for C:\Users\user\OneDrive\Desktop\obbiydaalt\ShopGUI.java. Using fallback presentation compiler.
May 12, 2026 10:57:23 AM org.eclipse.lsp4j.jsonrpc.RemoteEndpoint handleCancellation
WARNING: Unmatched cancel notification for request id 2
2026.05.12 10:57:23 INFO  no build target found for C:\Users\user\OneDrive\Desktop\obbiydaalt\ShopGUI.java. Using fallback presentation compiler.
2026.05.12 10:57:24 INFO  no build target found for C:\Users\user\OneDrive\Desktop\obbiydaalt\ShopGUI.java. Using fallback presentation compiler.
May 12, 2026 10:57:24 AM org.eclipse.lsp4j.jsonrpc.RemoteEndpoint handleCancellation
WARNING: Unmatched cancel notification for request id 9
2026.05.12 10:57:24 INFO  no build target found for C:\Users\user\OneDrive\Desktop\obbiydaalt\ShopGUI.java. Using fallback presentation compiler.
2026.05.12 10:57:24 INFO  no build target found for C:\Users\user\OneDrive\Desktop\obbiydaalt\ShopGUI.java. Using fallback presentation compiler.
2026.05.12 10:57:24 WARN  no build tool detected in workspace 'C:\Users\user\OneDrive\Desktop\obbiydaalt'. The most common cause for this problem is that the editor was opened in the wrong working directory, for example if you use sbt then the workspace directory should contain build.sbt. 
2026.05.12 10:57:24 WARN  Build server is not auto-connectable.
2026.05.12 10:57:24 WARN  no build target for: C:\Users\user\OneDrive\Desktop\obbiydaalt\ShopGUI.java
2026.05.12 10:57:24 INFO  no build target found for C:\Users\user\OneDrive\Desktop\obbiydaalt\ShopGUI.java. Using fallback presentation compiler.
2026.05.12 10:57:25 INFO  time: code lens generation in 1.12s
2026.05.12 10:57:25 INFO  time: code lens generation in 1.25s
2026.05.12 10:57:25 INFO  time: code lens generation in 1.25s
2026.05.12 10:57:26 INFO  no build target found for C:\Users\user\OneDrive\Desktop\obbiydaalt\ShopGUI.java. Using fallback presentation compiler.
2026.05.12 10:57:29 INFO  no build target found for C:\Users\user\OneDrive\Desktop\obbiydaalt\ShopGUI.java. Using fallback presentation compiler.
May 12, 2026 10:57:39 AM org.eclipse.lsp4j.jsonrpc.services.GenericEndpoint notify
INFO: Unsupported notification method: $/setTrace
2026.05.12 10:57:44 INFO  no build target found for C:\Users\user\OneDrive\Desktop\obbiydaalt\ShopGUI.java. Using fallback presentation compiler.
2026.05.12 11:00:33 INFO  no build target found for C:\Users\user\OneDrive\Desktop\obbiydaalt\ShopGUI.java. Using fallback presentation compiler.
May 12, 2026 1:00:34 PM org.eclipse.lsp4j.jsonrpc.services.GenericEndpoint notify
INFO: Unsupported notification method: $/setTrace
2026.05.12 13:00:56 INFO  no build target found for C:\Users\user\OneDrive\Desktop\obbiydaalt\ShopGUI.java. Using fallback presentation compiler.
2026.05.12 13:25:53 INFO  no build target found for C:\Users\user\OneDrive\Desktop\obbiydaalt\ShopGUI.java. Using fallback presentation compiler.
May 12, 2026 1:25:53 PM org.eclipse.lsp4j.jsonrpc.RemoteEndpoint handleCancellation
WARNING: Unmatched cancel notification for request id 37
2026.05.12 15:34:32 INFO  Started: Metals version 1.6.7 in folders 'C:\Users\user\OneDrive\Desktop\obbiydaalt' for client Visual Studio Code 1.119.0.
2026.05.12 15:34:32 INFO  Memory monitor started
2026.05.12 15:34:36 WARN  Using H2 2.4.240 which is newer than the version Flyway has been verified with. The latest verified version of H2 is 2.3.232.
2026.05.12 15:34:37 WARN  no build tool detected in workspace 'C:\Users\user\OneDrive\Desktop\obbiydaalt'. The most common cause for this problem is that the editor was opened in the wrong working directory, for example if you use sbt then the workspace directory should contain build.sbt. 
2026.05.12 15:34:37 WARN  Build server is not auto-connectable.
2026.05.12 15:34:37 WARN  no build target for: C:\Users\user\OneDrive\Desktop\obbiydaalt\ShopGUI.java
2026.05.12 15:34:38 INFO  time: code lens generation in 1.26s
May 12, 2026 3:34:40 PM org.eclipse.lsp4j.jsonrpc.RemoteEndpoint handleCancellation
WARNING: Unmatched cancel notification for request id 5
May 12, 2026 3:34:41 PM org.eclipse.lsp4j.jsonrpc.RemoteEndpoint handleCancellation
WARNING: Unmatched cancel notification for request id 6
2026.05.12 15:34:41 INFO  no build target found for C:\Users\user\OneDrive\Desktop\obbiydaalt\ShopGUI.java. Using fallback presentation compiler.
May 12, 2026 3:34:44 PM org.eclipse.lsp4j.jsonrpc.services.GenericEndpoint notify
INFO: Unsupported notification method: $/setTrace
2026.05.12 15:34:44 INFO  no build target found for C:\Users\user\OneDrive\Desktop\obbiydaalt\ShopGUI.java. Using fallback presentation compiler.
2026.05.12 15:35:27 INFO  Shutting down server
2026.05.12 15:35:27 INFO  Memory monitor stopped
2026.05.12 15:35:27 INFO  shutting down Metals
2026.05.12 15:35:27 INFO  Exiting server
2026.05.20 07:53:01 INFO  Started: Metals version 1.6.7 in folders 'C:\Users\user\OneDrive\Desktop\obbiydaalt' for client Visual Studio Code 1.120.0.
2026.05.20 07:53:03 INFO  Memory monitor started
2026.05.20 07:53:05 WARN  Using H2 2.4.240 which is newer than the version Flyway has been verified with. The latest verified version of H2 is 2.3.232.
2026.05.20 07:53:06 INFO  no build target found for C:\Users\user\OneDrive\Desktop\obbiydaalt\ShopGUI.java. Using fallback presentation compiler.
2026.05.20 07:53:06 WARN  no build tool detected in workspace 'C:\Users\user\OneDrive\Desktop\obbiydaalt'. The most common cause for this problem is that the editor was opened in the wrong working directory, for example if you use sbt then the workspace directory should contain build.sbt. 
2026.05.20 07:53:06 WARN  Build server is not auto-connectable.
2026.05.20 07:53:06 WARN  no build target for: C:\Users\user\OneDrive\Desktop\obbiydaalt\ShopGUI.java
2026.05.20 07:53:06 INFO  no build target found for C:\Users\user\OneDrive\Desktop\obbiydaalt\ShopGUI.java. Using fallback presentation compiler.
2026.05.20 07:53:12 INFO  no build target found for C:\Users\user\OneDrive\Desktop\obbiydaalt\ShopGUI.java. Using fallback presentation compiler.
2026.05.20 07:53:25 INFO  no build target found for C:\Users\user\OneDrive\Desktop\obbiydaalt\ShopGUI.java. Using fallback presentation compiler.
2026.05.20 07:53:28 INFO  no build target found for C:\Users\user\OneDrive\Desktop\obbiydaalt\ShopGUI.java. Using fallback presentation compiler.
2026.05.20 07:53:29 INFO  no build target found for C:\Users\user\OneDrive\Desktop\obbiydaalt\ShopGUI.java. Using fallback presentation compiler.
2026.05.20 07:53:44 WARN  no build target for: C:\Users\user\OneDrive\Desktop\obbiydaalt\LoginGUI.java
2026.05.20 07:53:44 INFO  no build target found for C:\Users\user\OneDrive\Desktop\obbiydaalt\LoginGUI.java. Using fallback presentation compiler.
May 20, 2026 7:53:44 AM org.eclipse.lsp4j.jsonrpc.RemoteEndpoint handleCancellation
WARNING: Unmatched cancel notification for request id 19
2026.05.20 07:53:44 INFO  no build target found for C:\Users\user\OneDrive\Desktop\obbiydaalt\LoginGUI.java. Using fallback presentation compiler.
2026.05.20 07:53:44 INFO  no build target found for C:\Users\user\OneDrive\Desktop\obbiydaalt\LoginGUI.java. Using fallback presentation compiler.
2026.05.20 07:53:44 INFO  no build target found for C:\Users\user\OneDrive\Desktop\obbiydaalt\LoginGUI.java. Using fallback presentation compiler.
2026.05.20 07:53:45 INFO  no build target found for C:\Users\user\OneDrive\Desktop\obbiydaalt\LoginGUI.java. Using fallback presentation compiler.
May 20, 2026 7:53:45 AM org.eclipse.lsp4j.jsonrpc.RemoteEndpoint handleCancellation
WARNING: Unmatched cancel notification for request id 23
2026.05.20 07:53:45 INFO  no build target found for C:\Users\user\OneDrive\Desktop\obbiydaalt\LoginGUI.java. Using fallback presentation compiler.
2026.05.20 07:53:57 INFO  no build target found for C:\Users\user\OneDrive\Desktop\obbiydaalt\LoginGUI.java. Using fallback presentation compiler.
2026.05.20 07:53:57 INFO  no build target found for C:\Users\user\OneDrive\Desktop\obbiydaalt\LoginGUI.java. Using fallback presentation compiler.
2026.05.20 07:53:57 INFO  no build target found for C:\Users\user\OneDrive\Desktop\obbiydaalt\LoginGUI.java. Using fallback presentation compiler.
2026.05.20 07:53:58 INFO  no build target found for C:\Users\user\OneDrive\Desktop\obbiydaalt\LoginGUI.java. Using fallback presentation compiler.
2026.05.20 07:53:58 WARN  no build target for: C:\Users\user\OneDrive\Desktop\obbiydaalt\LoginGUI.java
2026.05.20 07:53:58 INFO  no build target found for C:\Users\user\OneDrive\Desktop\obbiydaalt\LoginGUI.java. Using fallback presentation compiler.
2026.05.20 07:53:58 INFO  no build target found for C:\Users\user\OneDrive\Desktop\obbiydaalt\LoginGUI.java. Using fallback presentation compiler.
2026.05.20 07:54:06 INFO  no build target found for C:\Users\user\OneDrive\Desktop\obbiydaalt\LoginGUI.java. Using fallback presentation compiler.
2026.05.20 07:54:06 INFO  no build target found for C:\Users\user\OneDrive\Desktop\obbiydaalt\LoginGUI.java. Using fallback presentation compiler.
2026.05.20 07:54:06 INFO  no build target found for C:\Users\user\OneDrive\Desktop\obbiydaalt\LoginGUI.java. Using fallback presentation compiler.
2026.05.20 07:56:30 INFO  no build target found for C:\Users\user\OneDrive\Desktop\obbiydaalt\LoginGUI.java. Using fallback presentation compiler.
2026.05.20 07:56:30 INFO  no build target found for C:\Users\user\OneDrive\Desktop\obbiydaalt\LoginGUI.java. Using fallback presentation compiler.
2026.05.20 07:56:39 INFO  no build target found for C:\Users\user\OneDrive\Desktop\obbiydaalt\LoginGUI.java. Using fallback presentation compiler.
2026.05.20 07:56:39 INFO  no build target found for C:\Users\user\OneDrive\Desktop\obbiydaalt\LoginGUI.java. Using fallback presentation compiler.
2026.05.20 07:56:45 INFO  no build target found for C:\Users\user\OneDrive\Desktop\obbiydaalt\LoginGUI.java. Using fallback presentation compiler.
2026.05.20 07:56:51 INFO  no build target found for C:\Users\user\OneDrive\Desktop\obbiydaalt\LoginGUI.java. Using fallback presentation compiler.
2026.05.20 07:58:48 INFO  no build target found for C:\Users\user\OneDrive\Desktop\obbiydaalt\LoginGUI.java. Using fallback presentation compiler.
2026.05.20 07:58:48 INFO  no build target found for C:\Users\user\OneDrive\Desktop\obbiydaalt\LoginGUI.java. Using fallback presentation compiler.
2026.05.20 07:58:48 INFO  no build target found for C:\Users\user\OneDrive\Desktop\obbiydaalt\LoginGUI.java. Using fallback presentation compiler.
2026.05.20 07:58:49 INFO  no build target found for C:\Users\user\OneDrive\Desktop\obbiydaalt\LoginGUI.java. Using fallback presentation compiler.
2026.05.20 07:58:49 INFO  no build target found for C:\Users\user\OneDrive\Desktop\obbiydaalt\LoginGUI.java. Using fallback presentation compiler.
2026.05.20 07:58:49 INFO  no build target found for C:\Users\user\OneDrive\Desktop\obbiydaalt\LoginGUI.java. Using fallback presentation compiler.
2026.05.20 07:58:49 INFO  no build target found for C:\Users\user\OneDrive\Desktop\obbiydaalt\LoginGUI.java. Using fallback presentation compiler.
2026.05.20 07:58:49 INFO  no build target found for C:\Users\user\OneDrive\Desktop\obbiydaalt\LoginGUI.java. Using fallback presentation compiler.
2026.05.20 07:58:50 WARN  no build target for: C:\Users\user\OneDrive\Desktop\obbiydaalt\LoginGUI.java
2026.05.20 07:58:50 INFO  no build target found for C:\Users\user\OneDrive\Desktop\obbiydaalt\LoginGUI.java. Using fallback presentation compiler.
2026.05.20 07:58:50 WARN  no build target for: C:\Users\user\OneDrive\Desktop\obbiydaalt\LoginGUI.java
2026.05.20 07:58:50 INFO  no build target found for C:\Users\user\OneDrive\Desktop\obbiydaalt\LoginGUI.java. Using fallback presentation compiler.
2026.05.20 07:58:51 INFO  no build target found for C:\Users\user\OneDrive\Desktop\obbiydaalt\LoginGUI.java. Using fallback presentation compiler.
2026.05.20 07:58:51 INFO  no build target found for C:\Users\user\OneDrive\Desktop\obbiydaalt\LoginGUI.java. Using fallback presentation compiler.
2026.05.20 07:58:51 INFO  no build target found for C:\Users\user\OneDrive\Desktop\obbiydaalt\LoginGUI.java. Using fallback presentation compiler.
2026.05.20 07:58:53 INFO  no build target found for C:\Users\user\OneDrive\Desktop\obbiydaalt\LoginGUI.java. Using fallback presentation compiler.
2026.05.20 07:59:02 INFO  no build target found for C:\Users\user\OneDrive\Desktop\obbiydaalt\LoginGUI.java. Using fallback presentation compiler.
2026.05.20 08:00:09 INFO  no build target found for C:\Users\user\OneDrive\Desktop\obbiydaalt\LoginGUI.java. Using fallback presentation compiler.
2026.05.20 08:00:09 INFO  no build target found for C:\Users\user\OneDrive\Desktop\obbiydaalt\LoginGUI.java. Using fallback presentation compiler.
2026.05.20 08:00:31 INFO  no build target found for C:\Users\user\OneDrive\Desktop\obbiydaalt\LoginGUI.java. Using fallback presentation compiler.
2026.05.20 08:00:31 INFO  no build target found for C:\Users\user\OneDrive\Desktop\obbiydaalt\LoginGUI.java. Using fallback presentation compiler.
2026.05.20 08:00:31 INFO  no build target found for C:\Users\user\OneDrive\Desktop\obbiydaalt\LoginGUI.java. Using fallback presentation compiler.
2026.05.20 08:00:31 INFO  no build target found for C:\Users\user\OneDrive\Desktop\obbiydaalt\LoginGUI.java. Using fallback presentation compiler.
2026.05.20 08:00:32 INFO  no build target found for C:\Users\user\OneDrive\Desktop\obbiydaalt\LoginGUI.java. Using fallback presentation compiler.
2026.05.20 08:00:31 INFO  no build target found for C:\Users\user\OneDrive\Desktop\obbiydaalt\LoginGUI.java. Using fallback presentation compiler.
2026.05.20 08:00:32 WARN  no build target for: C:\Users\user\OneDrive\Desktop\obbiydaalt\LoginGUI.java
2026.05.20 08:00:32 INFO  no build target found for C:\Users\user\OneDrive\Desktop\obbiydaalt\LoginGUI.java. Using fallback presentation compiler.
2026.05.20 08:00:33 WARN  no build target for: C:\Users\user\OneDrive\Desktop\obbiydaalt\LoginGUI.java
2026.05.20 08:00:33 INFO  no build target found for C:\Users\user\OneDrive\Desktop\obbiydaalt\LoginGUI.java. Using fallback presentation compiler.
2026.05.20 08:00:34 INFO  no build target found for C:\Users\user\OneDrive\Desktop\obbiydaalt\LoginGUI.java. Using fallback presentation compiler.
2026.05.20 08:00:34 INFO  no build target found for C:\Users\user\OneDrive\Desktop\obbiydaalt\LoginGUI.java. Using fallback presentation compiler.
2026.05.20 08:00:38 INFO  no build target found for C:\Users\user\OneDrive\Desktop\obbiydaalt\LoginGUI.java. Using fallback presentation compiler.
May 20, 2026 8:00:52 AM org.eclipse.lsp4j.jsonrpc.services.GenericEndpoint notify
INFO: Unsupported notification method: $/setTrace
2026.05.20 08:01:05 INFO  no build target found for C:\Users\user\OneDrive\Desktop\obbiydaalt\LoginGUI.java. Using fallback presentation compiler.
2026.05.20 08:01:11 INFO  no build target found for C:\Users\user\OneDrive\Desktop\obbiydaalt\LoginGUI.java. Using fallback presentation compiler.
May 20, 2026 8:01:11 AM org.eclipse.lsp4j.jsonrpc.RemoteEndpoint handleCancellation
WARNING: Unmatched cancel notification for request id 289
2026.05.20 08:01:11 INFO  no build target found for C:\Users\user\OneDrive\Desktop\obbiydaalt\LoginGUI.java. Using fallback presentation compiler.
2026.05.20 08:01:14 INFO  no build target found for C:\Users\user\OneDrive\Desktop\obbiydaalt\LoginGUI.java. Using fallback presentation compiler.
2026.05.20 08:03:48 INFO  no build target found for C:\Users\user\OneDrive\Desktop\obbiydaalt\LoginGUI.java. Using fallback presentation compiler.
2026.05.20 08:03:48 INFO  no build target found for C:\Users\user\OneDrive\Desktop\obbiydaalt\LoginGUI.java. Using fallback presentation compiler.
2026.05.20 08:03:48 INFO  no build target found for C:\Users\user\OneDrive\Desktop\obbiydaalt\LoginGUI.java. Using fallback presentation compiler.
2026.05.20 08:05:48 INFO  no build target found for C:\Users\user\OneDrive\Desktop\obbiydaalt\LoginGUI.java. Using fallback presentation compiler.
2026.05.20 08:05:48 INFO  no build target found for C:\Users\user\OneDrive\Desktop\obbiydaalt\LoginGUI.java. Using fallback presentation compiler.
2026.05.20 08:05:48 INFO  no build target found for C:\Users\user\OneDrive\Desktop\obbiydaalt\LoginGUI.java. Using fallback presentation compiler.
2026.05.20 08:05:48 INFO  no build target found for C:\Users\user\OneDrive\Desktop\obbiydaalt\LoginGUI.java. Using fallback presentation compiler.
2026.05.20 08:05:48 INFO  no build target found for C:\Users\user\OneDrive\Desktop\obbiydaalt\LoginGUI.java. Using fallback presentation compiler.
2026.05.20 08:05:48 INFO  no build target found for C:\Users\user\OneDrive\Desktop\obbiydaalt\LoginGUI.java. Using fallback presentation compiler.
2026.05.20 08:05:49 INFO  no build target found for C:\Users\user\OneDrive\Desktop\obbiydaalt\LoginGUI.java. Using fallback presentation compiler.
2026.05.20 08:05:49 INFO  no build target found for C:\Users\user\OneDrive\Desktop\obbiydaalt\LoginGUI.java. Using fallback presentation compiler.
2026.05.20 08:05:50 WARN  no build target for: C:\Users\user\OneDrive\Desktop\obbiydaalt\LoginGUI.java
2026.05.20 08:05:50 INFO  no build target found for C:\Users\user\OneDrive\Desktop\obbiydaalt\LoginGUI.java. Using fallback presentation compiler.
2026.05.20 08:05:53 INFO  no build target found for C:\Users\user\OneDrive\Desktop\obbiydaalt\LoginGUI.java. Using fallback presentation compiler.
2026.05.20 08:06:47 INFO  no build target found for C:\Users\user\OneDrive\Desktop\obbiydaalt\LoginGUI.java. Using fallback presentation compiler.
2026.05.20 08:06:58 INFO  no build target found for C:\Users\user\OneDrive\Desktop\obbiydaalt\LoginGUI.java. Using fallback presentation compiler.
2026.05.20 08:08:47 INFO  no build target found for C:\Users\user\OneDrive\Desktop\obbiydaalt\LoginGUI.java. Using fallback presentation compiler.
2026.05.20 08:08:57 INFO  no build target found for C:\Users\user\OneDrive\Desktop\obbiydaalt\LoginGUI.java. Using fallback presentation compiler.
2026.05.20 08:08:58 INFO  no build target found for C:\Users\user\OneDrive\Desktop\obbiydaalt\LoginGUI.java. Using fallback presentation compiler.
2026.05.20 08:09:00 INFO  no build target found for C:\Users\user\OneDrive\Desktop\obbiydaalt\LoginGUI.java. Using fallback presentation compiler.
2026.05.20 08:09:01 INFO  no build target found for C:\Users\user\OneDrive\Desktop\obbiydaalt\LoginGUI.java. Using fallback presentation compiler.
2026.05.20 08:09:01 INFO  no build target found for C:\Users\user\OneDrive\Desktop\obbiydaalt\LoginGUI.java. Using fallback presentation compiler.
2026.05.20 08:09:04 INFO  no build target found for C:\Users\user\OneDrive\Desktop\obbiydaalt\LoginGUI.java. Using fallback presentation compiler.
2026.05.20 08:09:06 INFO  no build target found for C:\Users\user\OneDrive\Desktop\obbiydaalt\LoginGUI.java. Using fallback presentation compiler.
2026.05.20 08:09:08 INFO  no build target found for C:\Users\user\OneDrive\Desktop\obbiydaalt\LoginGUI.java. Using fallback presentation compiler.
2026.05.20 08:09:08 INFO  no build target found for C:\Users\user\OneDrive\Desktop\obbiydaalt\LoginGUI.java. Using fallback presentation compiler.
2026.05.20 08:09:09 INFO  no build target found for C:\Users\user\OneDrive\Desktop\obbiydaalt\LoginGUI.java. Using fallback presentation compiler.
2026.05.20 08:09:09 INFO  no build target found for C:\Users\user\OneDrive\Desktop\obbiydaalt\LoginGUI.java. Using fallback presentation compiler.
2026.05.20 08:09:23 INFO  no build target found for C:\Users\user\OneDrive\Desktop\obbiydaalt\LoginGUI.java. Using fallback presentation compiler.
2026.05.20 08:09:25 INFO  no build target found for C:\Users\user\OneDrive\Desktop\obbiydaalt\LoginGUI.java. Using fallback presentation compiler.
2026.05.20 08:10:35 INFO  no build target found for C:\Users\user\OneDrive\Desktop\obbiydaalt\LoginGUI.java. Using fallback presentation compiler.
2026.05.20 08:10:58 INFO  no build target found for C:\Users\user\OneDrive\Desktop\obbiydaalt\LoginGUI.java. Using fallback presentation compiler.
2026.05.20 08:10:58 INFO  no build target found for C:\Users\user\OneDrive\Desktop\obbiydaalt\LoginGUI.java. Using fallback presentation compiler.
2026.05.20 08:11:00 INFO  no build target found for C:\Users\user\OneDrive\Desktop\obbiydaalt\LoginGUI.java. Using fallback presentation compiler.
2026.05.20 08:11:01 INFO  no build target found for C:\Users\user\OneDrive\Desktop\obbiydaalt\LoginGUI.java. Using fallback presentation compiler.
2026.05.20 08:11:02 INFO  no build target found for C:\Users\user\OneDrive\Desktop\obbiydaalt\LoginGUI.java. Using fallback presentation compiler.
May 20, 2026 8:11:27 AM org.eclipse.lsp4j.jsonrpc.RemoteEndpoint handleCancellation
WARNING: Unmatched cancel notification for request id 1687
2026.05.20 08:11:34 INFO  no build target found for C:\Users\user\OneDrive\Desktop\obbiydaalt\LoginGUI.java. Using fallback presentation compiler.
2026.05.20 08:11:34 INFO  no build target found for C:\Users\user\OneDrive\Desktop\obbiydaalt\LoginGUI.java. Using fallback presentation compiler.
2026.05.20 08:11:39 INFO  no build target found for C:\Users\user\OneDrive\Desktop\obbiydaalt\LoginGUI.java. Using fallback presentation compiler.
2026.05.20 08:11:46 INFO  no build target found for C:\Users\user\OneDrive\Desktop\obbiydaalt\LoginGUI.java. Using fallback presentation compiler.
2026.05.20 08:11:46 INFO  no build target found for C:\Users\user\OneDrive\Desktop\obbiydaalt\LoginGUI.java. Using fallback presentation compiler.
2026.05.20 08:11:46 INFO  no build target found for C:\Users\user\OneDrive\Desktop\obbiydaalt\LoginGUI.java. Using fallback presentation compiler.
2026.05.20 08:11:48 INFO  no build target found for C:\Users\user\OneDrive\Desktop\obbiydaalt\LoginGUI.java. Using fallback presentation compiler.
2026.05.20 08:11:48 INFO  no build target found for C:\Users\user\OneDrive\Desktop\obbiydaalt\LoginGUI.java. Using fallback presentation compiler.
2026.05.20 08:11:48 WARN  no build target for: C:\Users\user\OneDrive\Desktop\obbiydaalt\LoginGUI.java
2026.05.20 08:11:48 INFO  no build target found for C:\Users\user\OneDrive\Desktop\obbiydaalt\LoginGUI.java. Using fallback presentation compiler.
2026.05.20 08:13:26 INFO  no build target found for C:\Users\user\OneDrive\Desktop\obbiydaalt\LoginGUI.java. Using fallback presentation compiler.
2026.05.20 08:13:26 INFO  no build target found for C:\Users\user\OneDrive\Desktop\obbiydaalt\LoginGUI.java. Using fallback presentation compiler.
2026.05.20 08:13:27 INFO  no build target found for C:\Users\user\OneDrive\Desktop\obbiydaalt\LoginGUI.java. Using fallback presentation compiler.
2026.05.20 08:13:29 INFO  no build target found for C:\Users\user\OneDrive\Desktop\obbiydaalt\LoginGUI.java. Using fallback presentation compiler.
2026.05.20 08:13:29 INFO  no build target found for C:\Users\user\OneDrive\Desktop\obbiydaalt\LoginGUI.java. Using fallback presentation compiler.
2026.05.20 08:13:29 INFO  no build target found for C:\Users\user\OneDrive\Desktop\obbiydaalt\LoginGUI.java. Using fallback presentation compiler.
2026.05.20 08:13:30 INFO  no build target found for C:\Users\user\OneDrive\Desktop\obbiydaalt\LoginGUI.java. Using fallback presentation compiler.
2026.05.20 08:13:30 INFO  no build target found for C:\Users\user\OneDrive\Desktop\obbiydaalt\LoginGUI.java. Using fallback presentation compiler.
2026.05.20 08:13:31 INFO  no build target found for C:\Users\user\OneDrive\Desktop\obbiydaalt\LoginGUI.java. Using fallback presentation compiler.
2026.05.20 08:13:31 INFO  no build target found for C:\Users\user\OneDrive\Desktop\obbiydaalt\LoginGUI.java. Using fallback presentation compiler.
2026.05.20 08:13:31 INFO  no build target found for C:\Users\user\OneDrive\Desktop\obbiydaalt\LoginGUI.java. Using fallback presentation compiler.
2026.05.20 08:13:31 INFO  no build target found for C:\Users\user\OneDrive\Desktop\obbiydaalt\LoginGUI.java. Using fallback presentation compiler.
2026.05.20 08:13:32 WARN  no build target for: C:\Users\user\OneDrive\Desktop\obbiydaalt\LoginGUI.java
2026.05.20 08:13:32 INFO  no build target found for C:\Users\user\OneDrive\Desktop\obbiydaalt\LoginGUI.java. Using fallback presentation compiler.
2026.05.20 08:13:33 WARN  no build target for: C:\Users\user\OneDrive\Desktop\obbiydaalt\LoginGUI.java
2026.05.20 08:13:33 INFO  no build target found for C:\Users\user\OneDrive\Desktop\obbiydaalt\LoginGUI.java. Using fallback presentation compiler.
2026.05.20 08:13:33 INFO  no build target found for C:\Users\user\OneDrive\Desktop\obbiydaalt\LoginGUI.java. Using fallback presentation compiler.
2026.05.20 08:13:44 INFO  no build target found for C:\Users\user\OneDrive\Desktop\obbiydaalt\LoginGUI.java. Using fallback presentation compiler.
2026.05.20 08:13:46 INFO  no build target found for C:\Users\user\OneDrive\Desktop\obbiydaalt\LoginGUI.java. Using fallback presentation compiler.
2026.05.20 08:13:50 INFO  no build target found for C:\Users\user\OneDrive\Desktop\obbiydaalt\LoginGUI.java. Using fallback presentation compiler.
2026.05.20 08:13:50 INFO  no build target found for C:\Users\user\OneDrive\Desktop\obbiydaalt\LoginGUI.java. Using fallback presentation compiler.
2026.05.20 08:13:50 INFO  no build target found for C:\Users\user\OneDrive\Desktop\obbiydaalt\LoginGUI.java. Using fallback presentation compiler.
2026.05.20 08:13:50 INFO  no build target found for C:\Users\user\OneDrive\Desktop\obbiydaalt\LoginGUI.java. Using fallback presentation compiler.
2026.05.20 08:13:50 INFO  no build target found for C:\Users\user\OneDrive\Desktop\obbiydaalt\LoginGUI.java. Using fallback presentation compiler.
2026.05.20 08:13:51 INFO  no build target found for C:\Users\user\OneDrive\Desktop\obbiydaalt\LoginGUI.java. Using fallback presentation compiler.
2026.05.20 08:13:51 INFO  no build target found for C:\Users\user\OneDrive\Desktop\obbiydaalt\LoginGUI.java. Using fallback presentation compiler.
2026.05.20 08:13:51 WARN  no build target for: C:\Users\user\OneDrive\Desktop\obbiydaalt\LoginGUI.java
2026.05.20 08:13:51 INFO  no build target found for C:\Users\user\OneDrive\Desktop\obbiydaalt\LoginGUI.java. Using fallback presentation compiler.
2026.05.20 08:13:51 INFO  no build target found for C:\Users\user\OneDrive\Desktop\obbiydaalt\LoginGUI.java. Using fallback presentation compiler.
2026.05.20 08:13:52 INFO  no build target found for C:\Users\user\OneDrive\Desktop\obbiydaalt\LoginGUI.java. Using fallback presentation compiler.
2026.05.20 08:13:55 INFO  no build target found for C:\Users\user\OneDrive\Desktop\obbiydaalt\LoginGUI.java. Using fallback presentation compiler.
2026.05.20 08:13:55 INFO  no build target found for C:\Users\user\OneDrive\Desktop\obbiydaalt\LoginGUI.java. Using fallback presentation compiler.
2026.05.20 08:14:01 INFO  no build target found for C:\Users\user\OneDrive\Desktop\obbiydaalt\LoginGUI.java. Using fallback presentation compiler.
2026.05.20 08:14:11 INFO  no build target found for C:\Users\user\OneDrive\Desktop\obbiydaalt\LoginGUI.java. Using fallback presentation compiler.
2026.05.20 08:14:52 INFO  no build target found for C:\Users\user\OneDrive\Desktop\obbiydaalt\LoginGUI.java. Using fallback presentation compiler.
2026.05.20 08:15:29 INFO  no build target found for C:\Users\user\OneDrive\Desktop\obbiydaalt\LoginGUI.java. Using fallback presentation compiler.
2026.05.20 08:15:29 INFO  no build target found for C:\Users\user\OneDrive\Desktop\obbiydaalt\LoginGUI.java. Using fallback presentation compiler.
2026.05.20 08:15:29 INFO  no build target found for C:\Users\user\OneDrive\Desktop\obbiydaalt\LoginGUI.java. Using fallback presentation compiler.
2026.05.20 08:15:30 INFO  no build target found for C:\Users\user\OneDrive\Desktop\obbiydaalt\LoginGUI.java. Using fallback presentation compiler.
2026.05.20 08:15:30 INFO  no build target found for C:\Users\user\OneDrive\Desktop\obbiydaalt\LoginGUI.java. Using fallback presentation compiler.
2026.05.20 08:15:30 INFO  no build target found for C:\Users\user\OneDrive\Desktop\obbiydaalt\LoginGUI.java. Using fallback presentation compiler.
2026.05.20 08:15:32 INFO  no build target found for C:\Users\user\OneDrive\Desktop\obbiydaalt\LoginGUI.java. Using fallback presentation compiler.
2026.05.20 08:15:32 INFO  no build target found for C:\Users\user\OneDrive\Desktop\obbiydaalt\LoginGUI.java. Using fallback presentation compiler.
2026.05.20 08:15:32 INFO  no build target found for C:\Users\user\OneDrive\Desktop\obbiydaalt\LoginGUI.java. Using fallback presentation compiler.
2026.05.20 08:15:32 INFO  no build target found for C:\Users\user\OneDrive\Desktop\obbiydaalt\LoginGUI.java. Using fallback presentation compiler.
2026.05.20 08:15:32 INFO  no build target found for C:\Users\user\OneDrive\Desktop\obbiydaalt\LoginGUI.java. Using fallback presentation compiler.
2026.05.20 08:15:34 INFO  no build target found for C:\Users\user\OneDrive\Desktop\obbiydaalt\LoginGUI.java. Using fallback presentation compiler.
2026.05.20 08:15:34 INFO  no build target found for C:\Users\user\OneDrive\Desktop\obbiydaalt\LoginGUI.java. Using fallback presentation compiler.
2026.05.20 08:15:34 INFO  no build target found for C:\Users\user\OneDrive\Desktop\obbiydaalt\LoginGUI.java. Using fallback presentation compiler.
2026.05.20 08:15:34 INFO  no build target found for C:\Users\user\OneDrive\Desktop\obbiydaalt\LoginGUI.java. Using fallback presentation compiler.
2026.05.20 08:15:36 INFO  no build target found for C:\Users\user\OneDrive\Desktop\obbiydaalt\LoginGUI.java. Using fallback presentation compiler.
2026.05.20 08:15:36 INFO  no build target found for C:\Users\user\OneDrive\Desktop\obbiydaalt\LoginGUI.java. Using fallback presentation compiler.
2026.05.20 08:15:36 INFO  no build target found for C:\Users\user\OneDrive\Desktop\obbiydaalt\LoginGUI.java. Using fallback presentation compiler.
2026.05.20 08:15:36 INFO  no build target found for C:\Users\user\OneDrive\Desktop\obbiydaalt\LoginGUI.java. Using fallback presentation compiler.
2026.05.20 08:15:37 INFO  no build target found for C:\Users\user\OneDrive\Desktop\obbiydaalt\LoginGUI.java. Using fallback presentation compiler.
2026.05.20 08:15:37 INFO  no build target found for C:\Users\user\OneDrive\Desktop\obbiydaalt\LoginGUI.java. Using fallback presentation compiler.
2026.05.20 08:15:38 WARN  no build target for: C:\Users\user\OneDrive\Desktop\obbiydaalt\LoginGUI.java
2026.05.20 08:15:38 INFO  no build target found for C:\Users\user\OneDrive\Desktop\obbiydaalt\LoginGUI.java. Using fallback presentation compiler.
2026.05.20 08:15:39 INFO  no build target found for C:\Users\user\OneDrive\Desktop\obbiydaalt\LoginGUI.java. Using fallback presentation compiler.
2026.05.20 08:15:54 INFO  no build target found for C:\Users\user\OneDrive\Desktop\obbiydaalt\LoginGUI.java. Using fallback presentation compiler.
2026.05.20 08:15:54 INFO  no build target found for C:\Users\user\OneDrive\Desktop\obbiydaalt\LoginGUI.java. Using fallback presentation compiler.
2026.05.20 08:15:54 INFO  no build target found for C:\Users\user\OneDrive\Desktop\obbiydaalt\LoginGUI.java. Using fallback presentation compiler.
2026.05.20 08:15:54 INFO  no build target found for C:\Users\user\OneDrive\Desktop\obbiydaalt\LoginGUI.java. Using fallback presentation compiler.
2026.05.20 08:15:55 WARN  no build target for: C:\Users\user\OneDrive\Desktop\obbiydaalt\LoginGUI.java
2026.05.20 08:15:55 INFO  no build target found for C:\Users\user\OneDrive\Desktop\obbiydaalt\LoginGUI.java. Using fallback presentation compiler.
2026.05.20 08:15:56 WARN  no build target for: C:\Users\user\OneDrive\Desktop\obbiydaalt\LoginGUI.java
2026.05.20 08:15:56 INFO  no build target found for C:\Users\user\OneDrive\Desktop\obbiydaalt\LoginGUI.java. Using fallback presentation compiler.
2026.05.20 08:15:56 INFO  no build target found for C:\Users\user\OneDrive\Desktop\obbiydaalt\LoginGUI.java. Using fallback presentation compiler.
2026.05.20 08:15:56 INFO  no build target found for C:\Users\user\OneDrive\Desktop\obbiydaalt\LoginGUI.java. Using fallback presentation compiler.
2026.05.20 08:16:52 INFO  no build target found for C:\Users\user\OneDrive\Desktop\obbiydaalt\LoginGUI.java. Using fallback presentation compiler.
2026.05.20 08:17:02 INFO  no build target found for C:\Users\user\OneDrive\Desktop\obbiydaalt\LoginGUI.java. Using fallback presentation compiler.
2026.05.20 08:17:06 INFO  no build target found for C:\Users\user\OneDrive\Desktop\obbiydaalt\LoginGUI.java. Using fallback presentation compiler.
2026.05.20 08:17:06 INFO  no build target found for C:\Users\user\OneDrive\Desktop\obbiydaalt\LoginGUI.java. Using fallback presentation compiler.
2026.05.20 08:17:06 INFO  no build target found for C:\Users\user\OneDrive\Desktop\obbiydaalt\LoginGUI.java. Using fallback presentation compiler.
2026.05.20 08:17:07 WARN  no build target for: C:\Users\user\OneDrive\Desktop\obbiydaalt\LoginGUI.java
2026.05.20 08:17:07 INFO  no build target found for C:\Users\user\OneDrive\Desktop\obbiydaalt\LoginGUI.java. Using fallback presentation compiler.
2026.05.20 08:17:07 INFO  no build target found for C:\Users\user\OneDrive\Desktop\obbiydaalt\LoginGUI.java. Using fallback presentation compiler.
2026.05.20 08:17:07 INFO  no build target found for C:\Users\user\OneDrive\Desktop\obbiydaalt\LoginGUI.java. Using fallback presentation compiler.
2026.05.20 08:17:10 INFO  no build target found for C:\Users\user\OneDrive\Desktop\obbiydaalt\LoginGUI.java. Using fallback presentation compiler.
May 20, 2026 8:17:10 AM org.eclipse.lsp4j.jsonrpc.RemoteEndpoint handleCancellation
WARNING: Unmatched cancel notification for request id 2412
2026.05.20 08:17:10 INFO  no build target found for C:\Users\user\OneDrive\Desktop\obbiydaalt\LoginGUI.java. Using fallback presentation compiler.
May 20, 2026 8:17:10 AM org.eclipse.lsp4j.jsonrpc.RemoteEndpoint handleCancellation
WARNING: Unmatched cancel notification for request id 2413
2026.05.20 08:17:10 INFO  no build target found for C:\Users\user\OneDrive\Desktop\obbiydaalt\LoginGUI.java. Using fallback presentation compiler.
2026.05.20 08:17:10 WARN  Running javac-semanticdb failed for file:///C:/Users/user/OneDrive/Desktop/obbiydaalt/LoginGUI.java. Output:

2026.05.20 08:17:10 WARN  no build target for: C:\Users\user\OneDrive\Desktop\obbiydaalt\LoginGUI.java
May 20, 2026 8:17:10 AM org.eclipse.lsp4j.jsonrpc.RemoteEndpoint handleCancellation
WARNING: Unmatched cancel notification for request id 2419
2026.05.20 08:17:10 INFO  no build target found for C:\Users\user\OneDrive\Desktop\obbiydaalt\LoginGUI.java. Using fallback presentation compiler.
2026.05.20 08:17:10 INFO  no build target found for C:\Users\user\OneDrive\Desktop\obbiydaalt\LoginGUI.java. Using fallback presentation compiler.
2026.05.20 08:17:11 INFO  no build target found for C:\Users\user\OneDrive\Desktop\obbiydaalt\LoginGUI.java. Using fallback presentation compiler.
2026.05.20 08:17:11 INFO  no build target found for C:\Users\user\OneDrive\Desktop\obbiydaalt\LoginGUI.java. Using fallback presentation compiler.
2026.05.20 08:17:11 INFO  no build target found for C:\Users\user\OneDrive\Desktop\obbiydaalt\LoginGUI.java. Using fallback presentation compiler.
2026.05.20 08:17:11 WARN  Running javac-semanticdb failed for file:///C:/Users/user/OneDrive/Desktop/obbiydaalt/LoginGUI.java. Output:

2026.05.20 08:17:11 INFO  no build target found for C:\Users\user\OneDrive\Desktop\obbiydaalt\LoginGUI.java. Using fallback presentation compiler.
2026.05.20 08:17:11 WARN  no build target for: C:\Users\user\OneDrive\Desktop\obbiydaalt\LoginGUI.java
2026.05.20 08:17:11 INFO  no build target found for C:\Users\user\OneDrive\Desktop\obbiydaalt\LoginGUI.java. Using fallback presentation compiler.
2026.05.20 08:17:12 INFO  no build target found for C:\Users\user\OneDrive\Desktop\obbiydaalt\LoginGUI.java. Using fallback presentation compiler.
2026.05.20 08:17:13 INFO  no build target found for C:\Users\user\OneDrive\Desktop\obbiydaalt\LoginGUI.java. Using fallback presentation compiler.
2026.05.20 08:17:13 INFO  no build target found for C:\Users\user\OneDrive\Desktop\obbiydaalt\LoginGUI.java. Using fallback presentation compiler.
2026.05.20 08:17:14 INFO  no build target found for C:\Users\user\OneDrive\Desktop\obbiydaalt\LoginGUI.java. Using fallback presentation compiler.
2026.05.20 08:17:14 WARN  Running javac-semanticdb failed for file:///C:/Users/user/OneDrive/Desktop/obbiydaalt/LoginGUI.java. Output:

2026.05.20 08:17:13 INFO  no build target found for C:\Users\user\OneDrive\Desktop\obbiydaalt\LoginGUI.java. Using fallback presentation compiler.
2026.05.20 08:17:14 WARN  no build target for: C:\Users\user\OneDrive\Desktop\obbiydaalt\LoginGUI.java
2026.05.20 08:17:14 INFO  no build target found for C:\Users\user\OneDrive\Desktop\obbiydaalt\LoginGUI.java. Using fallback presentation compiler.
2026.05.20 08:17:15 INFO  no build target found for C:\Users\user\OneDrive\Desktop\obbiydaalt\LoginGUI.java. Using fallback presentation compiler.
2026.05.20 08:17:15 INFO  no build target found for C:\Users\user\OneDrive\Desktop\obbiydaalt\LoginGUI.java. Using fallback presentation compiler.
2026.05.20 08:17:15 INFO  no build target found for C:\Users\user\OneDrive\Desktop\obbiydaalt\LoginGUI.java. Using fallback presentation compiler.
2026.05.20 08:17:16 INFO  no build target found for C:\Users\user\OneDrive\Desktop\obbiydaalt\LoginGUI.java. Using fallback presentation compiler.
2026.05.20 08:17:16 INFO  no build target found for C:\Users\user\OneDrive\Desktop\obbiydaalt\LoginGUI.java. Using fallback presentation compiler.
May 20, 2026 8:17:16 AM org.eclipse.lsp4j.jsonrpc.RemoteEndpoint handleCancellation
WARNING: Unmatched cancel notification for request id 2447
2026.05.20 08:17:16 INFO  no build target found for C:\Users\user\OneDrive\Desktop\obbiydaalt\LoginGUI.java. Using fallback presentation compiler.
May 20, 2026 8:17:16 AM org.eclipse.lsp4j.jsonrpc.RemoteEndpoint handleCancellation
WARNING: Unmatched cancel notification for request id 2448
2026.05.20 08:17:16 WARN  Running javac-semanticdb failed for file:///C:/Users/user/OneDrive/Desktop/obbiydaalt/LoginGUI.java. Output:

2026.05.20 08:17:16 WARN  no build target for: C:\Users\user\OneDrive\Desktop\obbiydaalt\LoginGUI.java
2026.05.20 08:17:16 INFO  no build target found for C:\Users\user\OneDrive\Desktop\obbiydaalt\LoginGUI.java. Using fallback presentation compiler.
2026.05.20 08:17:16 INFO  no build target found for C:\Users\user\OneDrive\Desktop\obbiydaalt\LoginGUI.java. Using fallback presentation compiler.
2026.05.20 08:17:16 INFO  no build target found for C:\Users\user\OneDrive\Desktop\obbiydaalt\LoginGUI.java. Using fallback presentation compiler.
2026.05.20 08:17:17 INFO  no build target found for C:\Users\user\OneDrive\Desktop\obbiydaalt\LoginGUI.java. Using fallback presentation compiler.
2026.05.20 08:17:18 INFO  no build target found for C:\Users\user\OneDrive\Desktop\obbiydaalt\LoginGUI.java. Using fallback presentation compiler.
2026.05.20 08:17:18 INFO  no build target found for C:\Users\user\OneDrive\Desktop\obbiydaalt\LoginGUI.java. Using fallback presentation compiler.
2026.05.20 08:17:18 INFO  no build target found for C:\Users\user\OneDrive\Desktop\obbiydaalt\LoginGUI.java. Using fallback presentation compiler.
2026.05.20 08:17:18 INFO  no build target found for C:\Users\user\OneDrive\Desktop\obbiydaalt\LoginGUI.java. Using fallback presentation compiler.
2026.05.20 08:17:18 INFO  no build target found for C:\Users\user\OneDrive\Desktop\obbiydaalt\LoginGUI.java. Using fallback presentation compiler.
2026.05.20 08:17:18 INFO  no build target found for C:\Users\user\OneDrive\Desktop\obbiydaalt\LoginGUI.java. Using fallback presentation compiler.
2026.05.20 08:17:18 INFO  no build target found for C:\Users\user\OneDrive\Desktop\obbiydaalt\LoginGUI.java. Using fallback presentation compiler.
2026.05.20 08:17:18 INFO  no build target found for C:\Users\user\OneDrive\Desktop\obbiydaalt\LoginGUI.java. Using fallback presentation compiler.
2026.05.20 08:17:18 INFO  no build target found for C:\Users\user\OneDrive\Desktop\obbiydaalt\LoginGUI.java. Using fallback presentation compiler.
2026.05.20 08:17:19 INFO  no build target found for C:\Users\user\OneDrive\Desktop\obbiydaalt\LoginGUI.java. Using fallback presentation compiler.
2026.05.20 08:17:18 WARN  no build target for: C:\Users\user\OneDrive\Desktop\obbiydaalt\LoginGUI.java
2026.05.20 08:17:19 INFO  no build target found for C:\Users\user\OneDrive\Desktop\obbiydaalt\LoginGUI.java. Using fallback presentation compiler.
2026.05.20 08:17:19 INFO  no build target found for C:\Users\user\OneDrive\Desktop\obbiydaalt\LoginGUI.java. Using fallback presentation compiler.
2026.05.20 08:17:19 INFO  no build target found for C:\Users\user\OneDrive\Desktop\obbiydaalt\LoginGUI.java. Using fallback presentation compiler.
2026.05.20 08:17:20 INFO  no build target found for C:\Users\user\OneDrive\Desktop\obbiydaalt\LoginGUI.java. Using fallback presentation compiler.
2026.05.20 08:17:20 INFO  no build target found for C:\Users\user\OneDrive\Desktop\obbiydaalt\LoginGUI.java. Using fallback presentation compiler.
2026.05.20 08:17:21 WARN  no build target for: C:\Users\user\OneDrive\Desktop\obbiydaalt\LoginGUI.java
2026.05.20 08:17:21 INFO  no build target found for C:\Users\user\OneDrive\Desktop\obbiydaalt\LoginGUI.java. Using fallback presentation compiler.
2026.05.20 08:17:20 INFO  no build target found for C:\Users\user\OneDrive\Desktop\obbiydaalt\LoginGUI.java. Using fallback presentation compiler.
2026.05.20 08:17:20 INFO  no build target found for C:\Users\user\OneDrive\Desktop\obbiydaalt\LoginGUI.java. Using fallback presentation compiler.
2026.05.20 08:17:21 INFO  no build target found for C:\Users\user\OneDrive\Desktop\obbiydaalt\LoginGUI.java. Using fallback presentation compiler.
2026.05.20 08:17:21 INFO  no build target found for C:\Users\user\OneDrive\Desktop\obbiydaalt\LoginGUI.java. Using fallback presentation compiler.
2026.05.20 08:17:22 INFO  no build target found for C:\Users\user\OneDrive\Desktop\obbiydaalt\LoginGUI.java. Using fallback presentation compiler.
2026.05.20 08:17:23 WARN  no build target for: C:\Users\user\OneDrive\Desktop\obbiydaalt\LoginGUI.java
2026.05.20 08:17:23 INFO  no build target found for C:\Users\user\OneDrive\Desktop\obbiydaalt\LoginGUI.java. Using fallback presentation compiler.
2026.05.20 08:17:24 INFO  no build target found for C:\Users\user\OneDrive\Desktop\obbiydaalt\LoginGUI.java. Using fallback presentation compiler.
2026.05.20 08:17:24 INFO  no build target found for C:\Users\user\OneDrive\Desktop\obbiydaalt\LoginGUI.java. Using fallback presentation compiler.
2026.05.20 08:17:24 INFO  no build target found for C:\Users\user\OneDrive\Desktop\obbiydaalt\LoginGUI.java. Using fallback presentation compiler.
2026.05.20 08:17:28 INFO  no build target found for C:\Users\user\OneDrive\Desktop\obbiydaalt\LoginGUI.java. Using fallback presentation compiler.
2026.05.20 08:17:28 INFO  no build target found for C:\Users\user\OneDrive\Desktop\obbiydaalt\LoginGUI.java. Using fallback presentation compiler.
2026.05.20 08:17:28 INFO  no build target found for C:\Users\user\OneDrive\Desktop\obbiydaalt\LoginGUI.java. Using fallback presentation compiler.
2026.05.20 08:17:28 WARN  no build target for: C:\Users\user\OneDrive\Desktop\obbiydaalt\LoginGUI.java
2026.05.20 08:17:28 INFO  no build target found for C:\Users\user\OneDrive\Desktop\obbiydaalt\LoginGUI.java. Using fallback presentation compiler.
2026.05.20 08:17:28 INFO  no build target found for C:\Users\user\OneDrive\Desktop\obbiydaalt\LoginGUI.java. Using fallback presentation compiler.
2026.05.20 08:17:32 INFO  no build target found for C:\Users\user\OneDrive\Desktop\obbiydaalt\LoginGUI.java. Using fallback presentation compiler.
2026.05.20 08:17:32 INFO  no build target found for C:\Users\user\OneDrive\Desktop\obbiydaalt\LoginGUI.java. Using fallback presentation compiler.
2026.05.20 08:17:32 INFO  no build target found for C:\Users\user\OneDrive\Desktop\obbiydaalt\LoginGUI.java. Using fallback presentation compiler.
2026.05.20 08:17:32 INFO  no build target found for C:\Users\user\OneDrive\Desktop\obbiydaalt\LoginGUI.java. Using fallback presentation compiler.
2026.05.20 08:17:33 INFO  no build target found for C:\Users\user\OneDrive\Desktop\obbiydaalt\LoginGUI.java. Using fallback presentation compiler.
2026.05.20 08:17:33 INFO  no build target found for C:\Users\user\OneDrive\Desktop\obbiydaalt\LoginGUI.java. Using fallback presentation compiler.
2026.05.20 08:17:33 INFO  no build target found for C:\Users\user\OneDrive\Desktop\obbiydaalt\LoginGUI.java. Using fallback presentation compiler.
2026.05.20 08:17:33 INFO  no build target found for C:\Users\user\OneDrive\Desktop\obbiydaalt\LoginGUI.java. Using fallback presentation compiler.
2026.05.20 08:17:34 INFO  no build target found for C:\Users\user\OneDrive\Desktop\obbiydaalt\LoginGUI.java. Using fallback presentation compiler.
2026.05.20 08:17:34 INFO  no build target found for C:\Users\user\OneDrive\Desktop\obbiydaalt\LoginGUI.java. Using fallback presentation compiler.
2026.05.20 08:17:34 INFO  no build target found for C:\Users\user\OneDrive\Desktop\obbiydaalt\LoginGUI.java. Using fallback presentation compiler.
2026.05.20 08:17:34 INFO  no build target found for C:\Users\user\OneDrive\Desktop\obbiydaalt\LoginGUI.java. Using fallback presentation compiler.
2026.05.20 08:17:34 INFO  no build target found for C:\Users\user\OneDrive\Desktop\obbiydaalt\LoginGUI.java. Using fallback presentation compiler.
2026.05.20 08:17:35 WARN  no build target for: C:\Users\user\OneDrive\Desktop\obbiydaalt\LoginGUI.java
2026.05.20 08:17:35 INFO  no build target found for C:\Users\user\OneDrive\Desktop\obbiydaalt\LoginGUI.java. Using fallback presentation compiler.
2026.05.20 08:17:38 INFO  no build target found for C:\Users\user\OneDrive\Desktop\obbiydaalt\LoginGUI.java. Using fallback presentation compiler.
2026.05.20 08:17:38 INFO  no build target found for C:\Users\user\OneDrive\Desktop\obbiydaalt\LoginGUI.java. Using fallback presentation compiler.
2026.05.20 08:17:38 INFO  no build target found for C:\Users\user\OneDrive\Desktop\obbiydaalt\LoginGUI.java. Using fallback presentation compiler.
2026.05.20 08:17:38 INFO  no build target found for C:\Users\user\OneDrive\Desktop\obbiydaalt\LoginGUI.java. Using fallback presentation compiler.
2026.05.20 08:17:38 INFO  no build target found for C:\Users\user\OneDrive\Desktop\obbiydaalt\LoginGUI.java. Using fallback presentation compiler.
2026.05.20 08:17:38 INFO  no build target found for C:\Users\user\OneDrive\Desktop\obbiydaalt\LoginGUI.java. Using fallback presentation compiler.
2026.05.20 08:17:38 INFO  no build target found for C:\Users\user\OneDrive\Desktop\obbiydaalt\LoginGUI.java. Using fallback presentation compiler.
2026.05.20 08:17:39 INFO  no build target found for C:\Users\user\OneDrive\Desktop\obbiydaalt\LoginGUI.java. Using fallback presentation compiler.
2026.05.20 08:17:39 INFO  no build target found for C:\Users\user\OneDrive\Desktop\obbiydaalt\LoginGUI.java. Using fallback presentation compiler.
2026.05.20 08:17:40 INFO  no build target found for C:\Users\user\OneDrive\Desktop\obbiydaalt\LoginGUI.java. Using fallback presentation compiler.
2026.05.20 08:17:40 WARN  no build target for: C:\Users\user\OneDrive\Desktop\obbiydaalt\LoginGUI.java
2026.05.20 08:17:40 INFO  no build target found for C:\Users\user\OneDrive\Desktop\obbiydaalt\LoginGUI.java. Using fallback presentation compiler.
2026.05.20 08:17:40 INFO  no build target found for C:\Users\user\OneDrive\Desktop\obbiydaalt\LoginGUI.java. Using fallback presentation compiler.
2026.05.20 08:17:40 INFO  no build target found for C:\Users\user\OneDrive\Desktop\obbiydaalt\LoginGUI.java. Using fallback presentation compiler.
2026.05.20 08:17:40 INFO  no build target found for C:\Users\user\OneDrive\Desktop\obbiydaalt\LoginGUI.java. Using fallback presentation compiler.
2026.05.20 08:17:41 INFO  no build target found for C:\Users\user\OneDrive\Desktop\obbiydaalt\LoginGUI.java. Using fallback presentation compiler.
2026.05.20 08:17:42 INFO  no build target found for C:\Users\user\OneDrive\Desktop\obbiydaalt\LoginGUI.java. Using fallback presentation compiler.
2026.05.20 08:17:41 INFO  no build target found for C:\Users\user\OneDrive\Desktop\obbiydaalt\LoginGUI.java. Using fallback presentation compiler.
2026.05.20 08:17:41 INFO  no build target found for C:\Users\user\OneDrive\Desktop\obbiydaalt\LoginGUI.java. Using fallback presentation compiler.
2026.05.20 08:17:41 INFO  no build target found for C:\Users\user\OneDrive\Desktop\obbiydaalt\LoginGUI.java. Using fallback presentation compiler.
2026.05.20 08:17:42 INFO  no build target found for C:\Users\user\OneDrive\Desktop\obbiydaalt\LoginGUI.java. Using fallback presentation compiler.
2026.05.20 08:17:41 INFO  no build target found for C:\Users\user\OneDrive\Desktop\obbiydaalt\LoginGUI.java. Using fallback presentation compiler.
2026.05.20 08:17:41 INFO  no build target found for C:\Users\user\OneDrive\Desktop\obbiydaalt\LoginGUI.java. Using fallback presentation compiler.
2026.05.20 08:17:42 INFO  no build target found for C:\Users\user\OneDrive\Desktop\obbiydaalt\LoginGUI.java. Using fallback presentation compiler.
2026.05.20 08:17:43 WARN  no build target for: C:\Users\user\OneDrive\Desktop\obbiydaalt\LoginGUI.java
2026.05.20 08:17:43 INFO  no build target found for C:\Users\user\OneDrive\Desktop\obbiydaalt\LoginGUI.java. Using fallback presentation compiler.
2026.05.20 08:17:43 INFO  no build target found for C:\Users\user\OneDrive\Desktop\obbiydaalt\LoginGUI.java. Using fallback presentation compiler.
2026.05.20 08:17:43 INFO  no build target found for C:\Users\user\OneDrive\Desktop\obbiydaalt\LoginGUI.java. Using fallback presentation compiler.
2026.05.20 08:17:44 INFO  no build target found for C:\Users\user\OneDrive\Desktop\obbiydaalt\LoginGUI.java. Using fallback presentation compiler.
2026.05.20 08:17:43 INFO  no build target found for C:\Users\user\OneDrive\Desktop\obbiydaalt\LoginGUI.java. Using fallback presentation compiler.
2026.05.20 08:17:44 INFO  no build target found for C:\Users\user\OneDrive\Desktop\obbiydaalt\LoginGUI.java. Using fallback presentation compiler.
2026.05.20 08:17:44 INFO  no build target found for C:\Users\user\OneDrive\Desktop\obbiydaalt\LoginGUI.java. Using fallback presentation compiler.
2026.05.20 08:17:44 INFO  no build target found for C:\Users\user\OneDrive\Desktop\obbiydaalt\LoginGUI.java. Using fallback presentation compiler.
2026.05.20 08:17:44 INFO  no build target found for C:\Users\user\OneDrive\Desktop\obbiydaalt\LoginGUI.java. Using fallback presentation compiler.
2026.05.20 08:17:45 INFO  no build target found for C:\Users\user\OneDrive\Desktop\obbiydaalt\LoginGUI.java. Using fallback presentation compiler.
2026.05.20 08:17:46 WARN  no build target for: C:\Users\user\OneDrive\Desktop\obbiydaalt\LoginGUI.java
2026.05.20 08:17:46 INFO  no build target found for C:\Users\user\OneDrive\Desktop\obbiydaalt\LoginGUI.java. Using fallback presentation compiler.
2026.05.20 08:17:46 INFO  no build target found for C:\Users\user\OneDrive\Desktop\obbiydaalt\LoginGUI.java. Using fallback presentation compiler.
2026.05.20 08:17:46 INFO  no build target found for C:\Users\user\OneDrive\Desktop\obbiydaalt\LoginGUI.java. Using fallback presentation compiler.
2026.05.20 08:17:46 INFO  no build target found for C:\Users\user\OneDrive\Desktop\obbiydaalt\LoginGUI.java. Using fallback presentation compiler.
2026.05.20 08:17:46 INFO  no build target found for C:\Users\user\OneDrive\Desktop\obbiydaalt\LoginGUI.java. Using fallback presentation compiler.
2026.05.20 08:17:47 INFO  no build target found for C:\Users\user\OneDrive\Desktop\obbiydaalt\LoginGUI.java. Using fallback presentation compiler.
2026.05.20 08:17:47 INFO  no build target found for C:\Users\user\OneDrive\Desktop\obbiydaalt\LoginGUI.java. Using fallback presentation compiler.
2026.05.20 08:17:48 WARN  no build target for: C:\Users\user\OneDrive\Desktop\obbiydaalt\LoginGUI.java
2026.05.20 08:17:48 INFO  no build target found for C:\Users\user\OneDrive\Desktop\obbiydaalt\LoginGUI.java. Using fallback presentation compiler.
2026.05.20 08:17:49 INFO  no build target found for C:\Users\user\OneDrive\Desktop\obbiydaalt\LoginGUI.java. Using fallback presentation compiler.
2026.05.20 08:17:49 INFO  no build target found for C:\Users\user\OneDrive\Desktop\obbiydaalt\LoginGUI.java. Using fallback presentation compiler.
2026.05.20 08:17:49 INFO  no build target found for C:\Users\user\OneDrive\Desktop\obbiydaalt\LoginGUI.java. Using fallback presentation compiler.
2026.05.20 08:17:49 INFO  no build target found for C:\Users\user\OneDrive\Desktop\obbiydaalt\LoginGUI.java. Using fallback presentation compiler.
2026.05.20 08:17:50 INFO  no build target found for C:\Users\user\OneDrive\Desktop\obbiydaalt\LoginGUI.java. Using fallback presentation compiler.
2026.05.20 08:17:50 INFO  no build target found for C:\Users\user\OneDrive\Desktop\obbiydaalt\LoginGUI.java. Using fallback presentation compiler.
2026.05.20 08:17:51 INFO  no build target found for C:\Users\user\OneDrive\Desktop\obbiydaalt\LoginGUI.java. Using fallback presentation compiler.
2026.05.20 08:17:50 INFO  no build target found for C:\Users\user\OneDrive\Desktop\obbiydaalt\LoginGUI.java. Using fallback presentation compiler.
2026.05.20 08:17:50 INFO  no build target found for C:\Users\user\OneDrive\Desktop\obbiydaalt\LoginGUI.java. Using fallback presentation compiler.
2026.05.20 08:17:51 INFO  no build target found for C:\Users\user\OneDrive\Desktop\obbiydaalt\LoginGUI.java. Using fallback presentation compiler.
2026.05.20 08:17:52 INFO  no build target found for C:\Users\user\OneDrive\Desktop\obbiydaalt\LoginGUI.java. Using fallback presentation compiler.
2026.05.20 08:17:52 INFO  no build target found for C:\Users\user\OneDrive\Desktop\obbiydaalt\LoginGUI.java. Using fallback presentation compiler.
2026.05.20 08:17:51 INFO  no build target found for C:\Users\user\OneDrive\Desktop\obbiydaalt\LoginGUI.java. Using fallback presentation compiler.
2026.05.20 08:17:52 INFO  no build target found for C:\Users\user\OneDrive\Desktop\obbiydaalt\LoginGUI.java. Using fallback presentation compiler.
2026.05.20 08:17:53 INFO  no build target found for C:\Users\user\OneDrive\Desktop\obbiydaalt\LoginGUI.java. Using fallback presentation compiler.
2026.05.20 08:17:53 INFO  no build target found for C:\Users\user\OneDrive\Desktop\obbiydaalt\LoginGUI.java. Using fallback presentation compiler.
2026.05.20 08:17:53 INFO  no build target found for C:\Users\user\OneDrive\Desktop\obbiydaalt\LoginGUI.java. Using fallback presentation compiler.
2026.05.20 08:17:53 INFO  no build target found for C:\Users\user\OneDrive\Desktop\obbiydaalt\LoginGUI.java. Using fallback presentation compiler.
2026.05.20 08:17:54 WARN  no build target for: C:\Users\user\OneDrive\Desktop\obbiydaalt\LoginGUI.java
2026.05.20 08:17:54 INFO  no build target found for C:\Users\user\OneDrive\Desktop\obbiydaalt\LoginGUI.java. Using fallback presentation compiler.
2026.05.20 08:17:54 INFO  no build target found for C:\Users\user\OneDrive\Desktop\obbiydaalt\LoginGUI.java. Using fallback presentation compiler.
2026.05.20 08:17:54 INFO  no build target found for C:\Users\user\OneDrive\Desktop\obbiydaalt\LoginGUI.java. Using fallback presentation compiler.
2026.05.20 08:17:55 INFO  no build target found for C:\Users\user\OneDrive\Desktop\obbiydaalt\LoginGUI.java. Using fallback presentation compiler.
2026.05.20 08:17:55 WARN  no build target for: C:\Users\user\OneDrive\Desktop\obbiydaalt\LoginGUI.java
2026.05.20 08:17:55 INFO  no build target found for C:\Users\user\OneDrive\Desktop\obbiydaalt\LoginGUI.java. Using fallback presentation compiler.
2026.05.20 08:17:57 INFO  no build target found for C:\Users\user\OneDrive\Desktop\obbiydaalt\LoginGUI.java. Using fallback presentation compiler.
2026.05.20 08:17:57 INFO  no build target found for C:\Users\user\OneDrive\Desktop\obbiydaalt\LoginGUI.java. Using fallback presentation compiler.
2026.05.20 08:17:57 INFO  no build target found for C:\Users\user\OneDrive\Desktop\obbiydaalt\LoginGUI.java. Using fallback presentation compiler.
2026.05.20 08:17:58 WARN  no build target for: C:\Users\user\OneDrive\Desktop\obbiydaalt\LoginGUI.java
2026.05.20 08:17:58 INFO  no build target found for C:\Users\user\OneDrive\Desktop\obbiydaalt\LoginGUI.java. Using fallback presentation compiler.
2026.05.20 08:18:02 INFO  no build target found for C:\Users\user\OneDrive\Desktop\obbiydaalt\LoginGUI.java. Using fallback presentation compiler.
2026.05.20 08:18:02 INFO  no build target found for C:\Users\user\OneDrive\Desktop\obbiydaalt\LoginGUI.java. Using fallback presentation compiler.
2026.05.20 08:18:03 INFO  no build target found for C:\Users\user\OneDrive\Desktop\obbiydaalt\LoginGUI.java. Using fallback presentation compiler.
2026.05.20 08:18:03 WARN  no build target for: C:\Users\user\OneDrive\Desktop\obbiydaalt\LoginGUI.java
2026.05.20 08:18:03 INFO  no build target found for C:\Users\user\OneDrive\Desktop\obbiydaalt\LoginGUI.java. Using fallback presentation compiler.
2026.05.20 08:18:04 WARN  no build target for: C:\Users\user\OneDrive\Desktop\obbiydaalt\LoginGUI.java
2026.05.20 08:18:04 INFO  no build target found for C:\Users\user\OneDrive\Desktop\obbiydaalt\LoginGUI.java. Using fallback presentation compiler.
2026.05.20 08:18:06 INFO  no build target found for C:\Users\user\OneDrive\Desktop\obbiydaalt\LoginGUI.java. Using fallback presentation compiler.
2026.05.20 08:18:08 INFO  no build target found for C:\Users\user\OneDrive\Desktop\obbiydaalt\LoginGUI.java. Using fallback presentation compiler.
2026.05.20 08:18:08 INFO  no build target found for C:\Users\user\OneDrive\Desktop\obbiydaalt\LoginGUI.java. Using fallback presentation compiler.
2026.05.20 08:18:09 INFO  no build target found for C:\Users\user\OneDrive\Desktop\obbiydaalt\LoginGUI.java. Using fallback presentation compiler.
May 20, 2026 8:18:09 AM org.eclipse.lsp4j.jsonrpc.RemoteEndpoint handleCancellation
WARNING: Unmatched cancel notification for request id 2730
2026.05.20 08:18:09 INFO  no build target found for C:\Users\user\OneDrive\Desktop\obbiydaalt\LoginGUI.java. Using fallback presentation compiler.
2026.05.20 08:18:09 INFO  no build target found for C:\Users\user\OneDrive\Desktop\obbiydaalt\LoginGUI.java. Using fallback presentation compiler.
2026.05.20 08:18:09 INFO  no build target found for C:\Users\user\OneDrive\Desktop\obbiydaalt\LoginGUI.java. Using fallback presentation compiler.
May 20, 2026 8:18:09 AM org.eclipse.lsp4j.jsonrpc.RemoteEndpoint handleCancellation
WARNING: Unmatched cancel notification for request id 2734
May 20, 2026 8:18:09 AM org.eclipse.lsp4j.jsonrpc.RemoteEndpoint handleCancellation
WARNING: Unmatched cancel notification for request id 2733
2026.05.20 08:18:09 INFO  no build target found for C:\Users\user\OneDrive\Desktop\obbiydaalt\LoginGUI.java. Using fallback presentation compiler.
May 20, 2026 8:18:09 AM org.eclipse.lsp4j.jsonrpc.RemoteEndpoint handleCancellation
WARNING: Unmatched cancel notification for request id 2737
2026.05.20 08:18:09 INFO  no build target found for C:\Users\user\OneDrive\Desktop\obbiydaalt\LoginGUI.java. Using fallback presentation compiler.
2026.05.20 08:18:09 INFO  no build target found for C:\Users\user\OneDrive\Desktop\obbiydaalt\LoginGUI.java. Using fallback presentation compiler.
2026.05.20 08:18:10 WARN  no build target for: C:\Users\user\OneDrive\Desktop\obbiydaalt\LoginGUI.java
2026.05.20 08:18:10 INFO  no build target found for C:\Users\user\OneDrive\Desktop\obbiydaalt\LoginGUI.java. Using fallback presentation compiler.
2026.05.20 08:18:11 INFO  no build target found for C:\Users\user\OneDrive\Desktop\obbiydaalt\LoginGUI.java. Using fallback presentation compiler.
2026.05.20 08:18:11 INFO  no build target found for C:\Users\user\OneDrive\Desktop\obbiydaalt\LoginGUI.java. Using fallback presentation compiler.
2026.05.20 08:18:11 INFO  no build target found for C:\Users\user\OneDrive\Desktop\obbiydaalt\LoginGUI.java. Using fallback presentation compiler.
2026.05.20 08:18:11 INFO  no build target found for C:\Users\user\OneDrive\Desktop\obbiydaalt\LoginGUI.java. Using fallback presentation compiler.
2026.05.20 08:18:12 INFO  no build target found for C:\Users\user\OneDrive\Desktop\obbiydaalt\LoginGUI.java. Using fallback presentation compiler.
2026.05.20 08:18:12 INFO  no build target found for C:\Users\user\OneDrive\Desktop\obbiydaalt\LoginGUI.java. Using fallback presentation compiler.
2026.05.20 08:18:12 INFO  no build target found for C:\Users\user\OneDrive\Desktop\obbiydaalt\LoginGUI.java. Using fallback presentation compiler.
May 20, 2026 8:18:12 AM org.eclipse.lsp4j.jsonrpc.RemoteEndpoint handleCancellation
WARNING: Unmatched cancel notification for request id 2758
May 20, 2026 8:18:12 AM org.eclipse.lsp4j.jsonrpc.RemoteEndpoint handleCancellation
WARNING: Unmatched cancel notification for request id 2756
2026.05.20 08:18:12 INFO  no build target found for C:\Users\user\OneDrive\Desktop\obbiydaalt\LoginGUI.java. Using fallback presentation compiler.
May 20, 2026 8:18:12 AM org.eclipse.lsp4j.jsonrpc.RemoteEndpoint handleCancellation
WARNING: Unmatched cancel notification for request id 2761
May 20, 2026 8:18:12 AM org.eclipse.lsp4j.jsonrpc.RemoteEndpoint handleCancellation
WARNING: Unmatched cancel notification for request id 2754
May 20, 2026 8:18:12 AM org.eclipse.lsp4j.jsonrpc.RemoteEndpoint handleCancellation
WARNING: Unmatched cancel notification for request id 2762
2026.05.20 08:18:12 INFO  no build target found for C:\Users\user\OneDrive\Desktop\obbiydaalt\LoginGUI.java. Using fallback presentation compiler.
2026.05.20 08:18:12 INFO  no build target found for C:\Users\user\OneDrive\Desktop\obbiydaalt\LoginGUI.java. Using fallback presentation compiler.
2026.05.20 08:18:12 INFO  no build target found for C:\Users\user\OneDrive\Desktop\obbiydaalt\LoginGUI.java. Using fallback presentation compiler.
2026.05.20 08:18:12 INFO  no build target found for C:\Users\user\OneDrive\Desktop\obbiydaalt\LoginGUI.java. Using fallback presentation compiler.
2026.05.20 08:18:13 INFO  no build target found for C:\Users\user\OneDrive\Desktop\obbiydaalt\LoginGUI.java. Using fallback presentation compiler.
2026.05.20 08:18:12 INFO  no build target found for C:\Users\user\OneDrive\Desktop\obbiydaalt\LoginGUI.java. Using fallback presentation compiler.
2026.05.20 08:18:12 INFO  no build target found for C:\Users\user\OneDrive\Desktop\obbiydaalt\LoginGUI.java. Using fallback presentation compiler.
2026.05.20 08:18:14 INFO  no build target found for C:\Users\user\OneDrive\Desktop\obbiydaalt\LoginGUI.java. Using fallback presentation compiler.
May 20, 2026 8:18:14 AM org.eclipse.lsp4j.jsonrpc.RemoteEndpoint handleCancellation
WARNING: Unmatched cancel notification for request id 2774
2026.05.20 08:18:14 INFO  no build target found for C:\Users\user\OneDrive\Desktop\obbiydaalt\LoginGUI.java. Using fallback presentation compiler.
2026.05.20 08:18:14 INFO  no build target found for C:\Users\user\OneDrive\Desktop\obbiydaalt\LoginGUI.java. Using fallback presentation compiler.
May 20, 2026 8:18:14 AM org.eclipse.lsp4j.jsonrpc.RemoteEndpoint handleCancellation
WARNING: Unmatched cancel notification for request id 2773
2026.05.20 08:18:14 INFO  no build target found for C:\Users\user\OneDrive\Desktop\obbiydaalt\LoginGUI.java. Using fallback presentation compiler.
May 20, 2026 8:18:14 AM org.eclipse.lsp4j.jsonrpc.RemoteEndpoint handleCancellation
WARNING: Unmatched cancel notification for request id 2780
2026.05.20 08:18:14 INFO  no build target found for C:\Users\user\OneDrive\Desktop\obbiydaalt\LoginGUI.java. Using fallback presentation compiler.
May 20, 2026 8:18:14 AM org.eclipse.lsp4j.jsonrpc.RemoteEndpoint handleCancellation
WARNING: Unmatched cancel notification for request id 2779
2026.05.20 08:18:14 WARN  no build target for: C:\Users\user\OneDrive\Desktop\obbiydaalt\LoginGUI.java
2026.05.20 08:18:14 INFO  no build target found for C:\Users\user\OneDrive\Desktop\obbiydaalt\LoginGUI.java. Using fallback presentation compiler.
2026.05.20 08:18:15 WARN  Running javac-semanticdb failed for file:///C:/Users/user/OneDrive/Desktop/obbiydaalt/LoginGUI.java. Output:

2026.05.20 08:18:14 INFO  no build target found for C:\Users\user\OneDrive\Desktop\obbiydaalt\LoginGUI.java. Using fallback presentation compiler.
2026.05.20 08:18:14 INFO  no build target found for C:\Users\user\OneDrive\Desktop\obbiydaalt\LoginGUI.java. Using fallback presentation compiler.
2026.05.20 08:18:14 INFO  no build target found for C:\Users\user\OneDrive\Desktop\obbiydaalt\LoginGUI.java. Using fallback presentation compiler.
2026.05.20 08:18:15 INFO  no build target found for C:\Users\user\OneDrive\Desktop\obbiydaalt\LoginGUI.java. Using fallback presentation compiler.
2026.05.20 08:18:15 WARN  Running javac-semanticdb failed for file:///C:/Users/user/OneDrive/Desktop/obbiydaalt/LoginGUI.java. Output:

2026.05.20 08:18:14 INFO  no build target found for C:\Users\user\OneDrive\Desktop\obbiydaalt\LoginGUI.java. Using fallback presentation compiler.
2026.05.20 08:18:15 INFO  no build target found for C:\Users\user\OneDrive\Desktop\obbiydaalt\LoginGUI.java. Using fallback presentation compiler.
2026.05.20 08:18:15 INFO  no build target found for C:\Users\user\OneDrive\Desktop\obbiydaalt\LoginGUI.java. Using fallback presentation compiler.
2026.05.20 08:18:15 INFO  no build target found for C:\Users\user\OneDrive\Desktop\obbiydaalt\LoginGUI.java. Using fallback presentation compiler.
2026.05.20 08:18:16 WARN  Running javac-semanticdb failed for file:///C:/Users/user/OneDrive/Desktop/obbiydaalt/LoginGUI.java. Output:

2026.05.20 08:18:15 INFO  no build target found for C:\Users\user\OneDrive\Desktop\obbiydaalt\LoginGUI.java. Using fallback presentation compiler.
2026.05.20 08:18:15 INFO  no build target found for C:\Users\user\OneDrive\Desktop\obbiydaalt\LoginGUI.java. Using fallback presentation compiler.
2026.05.20 08:18:15 INFO  no build target found for C:\Users\user\OneDrive\Desktop\obbiydaalt\LoginGUI.java. Using fallback presentation compiler.
2026.05.20 08:18:17 INFO  no build target found for C:\Users\user\OneDrive\Desktop\obbiydaalt\LoginGUI.java. Using fallback presentation compiler.
2026.05.20 08:18:17 INFO  no build target found for C:\Users\user\OneDrive\Desktop\obbiydaalt\LoginGUI.java. Using fallback presentation compiler.
May 20, 2026 8:18:17 AM org.eclipse.lsp4j.jsonrpc.RemoteEndpoint handleCancellation
WARNING: Unmatched cancel notification for request id 2807
2026.05.20 08:18:17 INFO  no build target found for C:\Users\user\OneDrive\Desktop\obbiydaalt\LoginGUI.java. Using fallback presentation compiler.
2026.05.20 08:18:17 WARN  Running javac-semanticdb failed for file:///C:/Users/user/OneDrive/Desktop/obbiydaalt/LoginGUI.java. Output:

May 20, 2026 8:18:17 AM org.eclipse.lsp4j.jsonrpc.RemoteEndpoint handleCancellation
WARNING: Unmatched cancel notification for request id 2806
2026.05.20 08:18:17 WARN  no build target for: C:\Users\user\OneDrive\Desktop\obbiydaalt\LoginGUI.java
May 20, 2026 8:18:17 AM org.eclipse.lsp4j.jsonrpc.RemoteEndpoint handleCancellation
WARNING: Unmatched cancel notification for request id 2812
2026.05.20 08:18:17 INFO  no build target found for C:\Users\user\OneDrive\Desktop\obbiydaalt\LoginGUI.java. Using fallback presentation compiler.
2026.05.20 08:18:17 INFO  no build target found for C:\Users\user\OneDrive\Desktop\obbiydaalt\LoginGUI.java. Using fallback presentation compiler.
2026.05.20 08:18:17 INFO  no build target found for C:\Users\user\OneDrive\Desktop\obbiydaalt\LoginGUI.java. Using fallback presentation compiler.
2026.05.20 08:18:18 WARN  Running javac-semanticdb failed for file:///C:/Users/user/OneDrive/Desktop/obbiydaalt/LoginGUI.java. Output:

2026.05.20 08:18:18 INFO  no build target found for C:\Users\user\OneDrive\Desktop\obbiydaalt\LoginGUI.java. Using fallback presentation compiler.
2026.05.20 08:18:18 WARN  no build target for: C:\Users\user\OneDrive\Desktop\obbiydaalt\LoginGUI.java
2026.05.20 08:18:18 INFO  no build target found for C:\Users\user\OneDrive\Desktop\obbiydaalt\LoginGUI.java. Using fallback presentation compiler.
2026.05.20 08:18:19 INFO  no build target found for C:\Users\user\OneDrive\Desktop\obbiydaalt\LoginGUI.java. Using fallback presentation compiler.
2026.05.20 08:18:19 INFO  no build target found for C:\Users\user\OneDrive\Desktop\obbiydaalt\LoginGUI.java. Using fallback presentation compiler.
2026.05.20 08:18:19 INFO  no build target found for C:\Users\user\OneDrive\Desktop\obbiydaalt\LoginGUI.java. Using fallback presentation compiler.
2026.05.20 08:18:19 INFO  no build target found for C:\Users\user\OneDrive\Desktop\obbiydaalt\LoginGUI.java. Using fallback presentation compiler.
2026.05.20 08:18:20 INFO  no build target found for C:\Users\user\OneDrive\Desktop\obbiydaalt\LoginGUI.java. Using fallback presentation compiler.
2026.05.20 08:18:20 WARN  Running javac-semanticdb failed for file:///C:/Users/user/OneDrive/Desktop/obbiydaalt/LoginGUI.java. Output:

2026.05.20 08:18:21 INFO  no build target found for C:\Users\user\OneDrive\Desktop\obbiydaalt\LoginGUI.java. Using fallback presentation compiler.
2026.05.20 08:18:20 WARN  no build target for: C:\Users\user\OneDrive\Desktop\obbiydaalt\LoginGUI.java
2026.05.20 08:18:21 INFO  no build target found for C:\Users\user\OneDrive\Desktop\obbiydaalt\LoginGUI.java. Using fallback presentation compiler.
2026.05.20 08:18:21 INFO  no build target found for C:\Users\user\OneDrive\Desktop\obbiydaalt\LoginGUI.java. Using fallback presentation compiler.
2026.05.20 08:18:21 INFO  no build target found for C:\Users\user\OneDrive\Desktop\obbiydaalt\LoginGUI.java. Using fallback presentation compiler.
2026.05.20 08:18:21 INFO  no build target found for C:\Users\user\OneDrive\Desktop\obbiydaalt\LoginGUI.java. Using fallback presentation compiler.
2026.05.20 08:18:22 INFO  no build target found for C:\Users\user\OneDrive\Desktop\obbiydaalt\LoginGUI.java. Using fallback presentation compiler.
2026.05.20 08:18:22 INFO  no build target found for C:\Users\user\OneDrive\Desktop\obbiydaalt\LoginGUI.java. Using fallback presentation compiler.
2026.05.20 08:18:22 WARN  no build target for: C:\Users\user\OneDrive\Desktop\obbiydaalt\LoginGUI.java
2026.05.20 08:18:22 INFO  no build target found for C:\Users\user\OneDrive\Desktop\obbiydaalt\LoginGUI.java. Using fallback presentation compiler.
2026.05.20 08:18:23 INFO  no build target found for C:\Users\user\OneDrive\Desktop\obbiydaalt\LoginGUI.java. Using fallback presentation compiler.
2026.05.20 08:18:24 INFO  no build target found for C:\Users\user\OneDrive\Desktop\obbiydaalt\LoginGUI.java. Using fallback presentation compiler.
2026.05.20 08:18:24 INFO  no build target found for C:\Users\user\OneDrive\Desktop\obbiydaalt\LoginGUI.java. Using fallback presentation compiler.
2026.05.20 08:18:26 INFO  no build target found for C:\Users\user\OneDrive\Desktop\obbiydaalt\LoginGUI.java. Using fallback presentation compiler.
2026.05.20 08:18:26 INFO  no build target found for C:\Users\user\OneDrive\Desktop\obbiydaalt\LoginGUI.java. Using fallback presentation compiler.
2026.05.20 08:18:26 INFO  no build target found for C:\Users\user\OneDrive\Desktop\obbiydaalt\LoginGUI.java. Using fallback presentation compiler.
2026.05.20 08:18:26 INFO  no build target found for C:\Users\user\OneDrive\Desktop\obbiydaalt\LoginGUI.java. Using fallback presentation compiler.
2026.05.20 08:18:26 WARN  Running javac-semanticdb failed for file:///C:/Users/user/OneDrive/Desktop/obbiydaalt/LoginGUI.java. Output:

2026.05.20 08:18:26 INFO  no build target found for C:\Users\user\OneDrive\Desktop\obbiydaalt\LoginGUI.java. Using fallback presentation compiler.
2026.05.20 08:18:26 INFO  no build target found for C:\Users\user\OneDrive\Desktop\obbiydaalt\LoginGUI.java. Using fallback presentation compiler.
2026.05.20 08:18:26 INFO  no build target found for C:\Users\user\OneDrive\Desktop\obbiydaalt\LoginGUI.java. Using fallback presentation compiler.
2026.05.20 08:18:26 WARN  Running javac-semanticdb failed for file:///C:/Users/user/OneDrive/Desktop/obbiydaalt/LoginGUI.java. Output:

2026.05.20 08:18:26 INFO  no build target found for C:\Users\user\OneDrive\Desktop\obbiydaalt\LoginGUI.java. Using fallback presentation compiler.
2026.05.20 08:18:27 INFO  no build target found for C:\Users\user\OneDrive\Desktop\obbiydaalt\LoginGUI.java. Using fallback presentation compiler.
2026.05.20 08:18:27 INFO  no build target found for C:\Users\user\OneDrive\Desktop\obbiydaalt\LoginGUI.java. Using fallback presentation compiler.
2026.05.20 08:18:27 INFO  no build target found for C:\Users\user\OneDrive\Desktop\obbiydaalt\LoginGUI.java. Using fallback presentation compiler.
2026.05.20 08:18:28 INFO  no build target found for C:\Users\user\OneDrive\Desktop\obbiydaalt\LoginGUI.java. Using fallback presentation compiler.
May 20, 2026 8:18:28 AM org.eclipse.lsp4j.jsonrpc.RemoteEndpoint handleCancellation
WARNING: Unmatched cancel notification for request id 2873
2026.05.20 08:18:28 INFO  no build target found for C:\Users\user\OneDrive\Desktop\obbiydaalt\LoginGUI.java. Using fallback presentation compiler.
2026.05.20 08:18:28 INFO  no build target found for C:\Users\user\OneDrive\Desktop\obbiydaalt\LoginGUI.java. Using fallback presentation compiler.
2026.05.20 08:18:28 INFO  no build target found for C:\Users\user\OneDrive\Desktop\obbiydaalt\LoginGUI.java. Using fallback presentation compiler.
2026.05.20 08:18:28 INFO  no build target found for C:\Users\user\OneDrive\Desktop\obbiydaalt\LoginGUI.java. Using fallback presentation compiler.
2026.05.20 08:18:28 WARN  Running javac-semanticdb failed for file:///C:/Users/user/OneDrive/Desktop/obbiydaalt/LoginGUI.java. Output:

2026.05.20 08:18:28 INFO  no build target found for C:\Users\user\OneDrive\Desktop\obbiydaalt\LoginGUI.java. Using fallback presentation compiler.
2026.05.20 08:18:28 INFO  no build target found for C:\Users\user\OneDrive\Desktop\obbiydaalt\LoginGUI.java. Using fallback presentation compiler.
2026.05.20 08:18:29 WARN  no build target for: C:\Users\user\OneDrive\Desktop\obbiydaalt\LoginGUI.java
2026.05.20 08:18:28 INFO  no build target found for C:\Users\user\OneDrive\Desktop\obbiydaalt\LoginGUI.java. Using fallback presentation compiler.
2026.05.20 08:18:29 INFO  no build target found for C:\Users\user\OneDrive\Desktop\obbiydaalt\LoginGUI.java. Using fallback presentation compiler.
2026.05.20 08:18:29 INFO  no build target found for C:\Users\user\OneDrive\Desktop\obbiydaalt\LoginGUI.java. Using fallback presentation compiler.
2026.05.20 08:18:29 INFO  no build target found for C:\Users\user\OneDrive\Desktop\obbiydaalt\LoginGUI.java. Using fallback presentation compiler.
2026.05.20 08:18:29 WARN  Running javac-semanticdb failed for file:///C:/Users/user/OneDrive/Desktop/obbiydaalt/LoginGUI.java. Output:

2026.05.20 08:18:29 INFO  no build target found for C:\Users\user\OneDrive\Desktop\obbiydaalt\LoginGUI.java. Using fallback presentation compiler.
2026.05.20 08:18:29 INFO  no build target found for C:\Users\user\OneDrive\Desktop\obbiydaalt\LoginGUI.java. Using fallback presentation compiler.
2026.05.20 08:18:29 INFO  no build target found for C:\Users\user\OneDrive\Desktop\obbiydaalt\LoginGUI.java. Using fallback presentation compiler.
2026.05.20 08:18:29 INFO  no build target found for C:\Users\user\OneDrive\Desktop\obbiydaalt\LoginGUI.java. Using fallback presentation compiler.
2026.05.20 08:18:31 INFO  no build target found for C:\Users\user\OneDrive\Desktop\obbiydaalt\LoginGUI.java. Using fallback presentation compiler.
2026.05.20 08:18:31 INFO  no build target found for C:\Users\user\OneDrive\Desktop\obbiydaalt\LoginGUI.java. Using fallback presentation compiler.
May 20, 2026 8:18:31 AM org.eclipse.lsp4j.jsonrpc.RemoteEndpoint handleCancellation
WARNING: Unmatched cancel notification for request id 2898
May 20, 2026 8:18:31 AM org.eclipse.lsp4j.jsonrpc.RemoteEndpoint handleCancellation
WARNING: Unmatched cancel notification for request id 2897
2026.05.20 08:18:31 INFO  no build target found for C:\Users\user\OneDrive\Desktop\obbiydaalt\LoginGUI.java. Using fallback presentation compiler.
2026.05.20 08:18:31 INFO  no build target found for C:\Users\user\OneDrive\Desktop\obbiydaalt\LoginGUI.java. Using fallback presentation compiler.
2026.05.20 08:18:31 WARN  Running javac-semanticdb failed for file:///C:/Users/user/OneDrive/Desktop/obbiydaalt/LoginGUI.java. Output:

2026.05.20 08:18:31 WARN  Running javac-semanticdb failed for file:///C:/Users/user/OneDrive/Desktop/obbiydaalt/LoginGUI.java. Output:

2026.05.20 08:18:31 INFO  no build target found for C:\Users\user\OneDrive\Desktop\obbiydaalt\LoginGUI.java. Using fallback presentation compiler.
2026.05.20 08:18:31 INFO  no build target found for C:\Users\user\OneDrive\Desktop\obbiydaalt\LoginGUI.java. Using fallback presentation compiler.
2026.05.20 08:18:31 WARN  no build target for: C:\Users\user\OneDrive\Desktop\obbiydaalt\LoginGUI.java
2026.05.20 08:18:31 INFO  no build target found for C:\Users\user\OneDrive\Desktop\obbiydaalt\LoginGUI.java. Using fallback presentation compiler.
2026.05.20 08:18:31 INFO  no build target found for C:\Users\user\OneDrive\Desktop\obbiydaalt\LoginGUI.java. Using fallback presentation compiler.
2026.05.20 08:18:33 INFO  no build target found for C:\Users\user\OneDrive\Desktop\obbiydaalt\LoginGUI.java. Using fallback presentation compiler.
2026.05.20 08:18:33 INFO  no build target found for C:\Users\user\OneDrive\Desktop\obbiydaalt\LoginGUI.java. Using fallback presentation compiler.
2026.05.20 08:18:33 INFO  no build target found for C:\Users\user\OneDrive\Desktop\obbiydaalt\LoginGUI.java. Using fallback presentation compiler.
2026.05.20 08:18:33 WARN  Running javac-semanticdb failed for file:///C:/Users/user/OneDrive/Desktop/obbiydaalt/LoginGUI.java. Output:

2026.05.20 08:18:33 INFO  no build target found for C:\Users\user\OneDrive\Desktop\obbiydaalt\LoginGUI.java. Using fallback presentation compiler.
2026.05.20 08:18:33 WARN  Running javac-semanticdb failed for file:///C:/Users/user/OneDrive/Desktop/obbiydaalt/LoginGUI.java. Output:

2026.05.20 08:18:33 INFO  no build target found for C:\Users\user\OneDrive\Desktop\obbiydaalt\LoginGUI.java. Using fallback presentation compiler.
2026.05.20 08:18:34 WARN  no build target for: C:\Users\user\OneDrive\Desktop\obbiydaalt\LoginGUI.java
2026.05.20 08:18:34 INFO  no build target found for C:\Users\user\OneDrive\Desktop\obbiydaalt\LoginGUI.java. Using fallback presentation compiler.
2026.05.20 08:18:34 INFO  no build target found for C:\Users\user\OneDrive\Desktop\obbiydaalt\LoginGUI.java. Using fallback presentation compiler.
2026.05.20 08:18:34 INFO  no build target found for C:\Users\user\OneDrive\Desktop\obbiydaalt\LoginGUI.java. Using fallback presentation compiler.
2026.05.20 08:18:34 INFO  no build target found for C:\Users\user\OneDrive\Desktop\obbiydaalt\LoginGUI.java. Using fallback presentation compiler.
2026.05.20 08:18:34 INFO  no build target found for C:\Users\user\OneDrive\Desktop\obbiydaalt\LoginGUI.java. Using fallback presentation compiler.
2026.05.20 08:18:34 INFO  no build target found for C:\Users\user\OneDrive\Desktop\obbiydaalt\LoginGUI.java. Using fallback presentation compiler.
2026.05.20 08:18:35 INFO  no build target found for C:\Users\user\OneDrive\Desktop\obbiydaalt\LoginGUI.java. Using fallback presentation compiler.
2026.05.20 08:18:35 INFO  no build target found for C:\Users\user\OneDrive\Desktop\obbiydaalt\LoginGUI.java. Using fallback presentation compiler.
May 20, 2026 8:18:35 AM org.eclipse.lsp4j.jsonrpc.RemoteEndpoint handleCancellation
WARNING: Unmatched cancel notification for request id 2934
2026.05.20 08:18:35 WARN  Running javac-semanticdb failed for file:///C:/Users/user/OneDrive/Desktop/obbiydaalt/LoginGUI.java. Output:

2026.05.20 08:18:35 INFO  no build target found for C:\Users\user\OneDrive\Desktop\obbiydaalt\LoginGUI.java. Using fallback presentation compiler.
2026.05.20 08:18:35 INFO  no build target found for C:\Users\user\OneDrive\Desktop\obbiydaalt\LoginGUI.java. Using fallback presentation compiler.
2026.05.20 08:18:35 INFO  no build target found for C:\Users\user\OneDrive\Desktop\obbiydaalt\LoginGUI.java. Using fallback presentation compiler.
2026.05.20 08:18:35 INFO  no build target found for C:\Users\user\OneDrive\Desktop\obbiydaalt\LoginGUI.java. Using fallback presentation compiler.
2026.05.20 08:18:36 WARN  Running javac-semanticdb failed for file:///C:/Users/user/OneDrive/Desktop/obbiydaalt/LoginGUI.java. Output:

2026.05.20 08:18:35 INFO  no build target found for C:\Users\user\OneDrive\Desktop\obbiydaalt\LoginGUI.java. Using fallback presentation compiler.
2026.05.20 08:18:35 INFO  no build target found for C:\Users\user\OneDrive\Desktop\obbiydaalt\LoginGUI.java. Using fallback presentation compiler.
2026.05.20 08:18:36 WARN  no build target for: C:\Users\user\OneDrive\Desktop\obbiydaalt\LoginGUI.java
2026.05.20 08:18:36 INFO  no build target found for C:\Users\user\OneDrive\Desktop\obbiydaalt\LoginGUI.java. Using fallback presentation compiler.
2026.05.20 08:18:37 INFO  no build target found for C:\Users\user\OneDrive\Desktop\obbiydaalt\LoginGUI.java. Using fallback presentation compiler.
2026.05.20 08:18:37 INFO  no build target found for C:\Users\user\OneDrive\Desktop\obbiydaalt\LoginGUI.java. Using fallback presentation compiler.
2026.05.20 08:18:37 INFO  no build target found for C:\Users\user\OneDrive\Desktop\obbiydaalt\LoginGUI.java. Using fallback presentation compiler.
2026.05.20 08:18:37 INFO  no build target found for C:\Users\user\OneDrive\Desktop\obbiydaalt\LoginGUI.java. Using fallback presentation compiler.
2026.05.20 08:18:37 INFO  no build target found for C:\Users\user\OneDrive\Desktop\obbiydaalt\LoginGUI.java. Using fallback presentation compiler.
2026.05.20 08:18:38 INFO  no build target found for C:\Users\user\OneDrive\Desktop\obbiydaalt\LoginGUI.java. Using fallback presentation compiler.
2026.05.20 08:18:38 INFO  no build target found for C:\Users\user\OneDrive\Desktop\obbiydaalt\LoginGUI.java. Using fallback presentation compiler.
2026.05.20 08:18:38 INFO  no build target found for C:\Users\user\OneDrive\Desktop\obbiydaalt\LoginGUI.java. Using fallback presentation compiler.
May 20, 2026 8:18:38 AM org.eclipse.lsp4j.jsonrpc.RemoteEndpoint handleCancellation
WARNING: Unmatched cancel notification for request id 2956
2026.05.20 08:18:38 INFO  no build target found for C:\Users\user\OneDrive\Desktop\obbiydaalt\LoginGUI.java. Using fallback presentation compiler.
May 20, 2026 8:18:38 AM org.eclipse.lsp4j.jsonrpc.RemoteEndpoint handleCancellation
WARNING: Unmatched cancel notification for request id 2953
2026.05.20 08:18:38 INFO  no build target found for C:\Users\user\OneDrive\Desktop\obbiydaalt\LoginGUI.java. Using fallback presentation compiler.
2026.05.20 08:18:38 WARN  Running javac-semanticdb failed for file:///C:/Users/user/OneDrive/Desktop/obbiydaalt/LoginGUI.java. Output:

2026.05.20 08:18:38 WARN  Running javac-semanticdb failed for file:///C:/Users/user/OneDrive/Desktop/obbiydaalt/LoginGUI.java. Output:

2026.05.20 08:18:38 INFO  no build target found for C:\Users\user\OneDrive\Desktop\obbiydaalt\LoginGUI.java. Using fallback presentation compiler.
2026.05.20 08:18:39 INFO  no build target found for C:\Users\user\OneDrive\Desktop\obbiydaalt\LoginGUI.java. Using fallback presentation compiler.
2026.05.20 08:18:38 INFO  no build target found for C:\Users\user\OneDrive\Desktop\obbiydaalt\LoginGUI.java. Using fallback presentation compiler.
2026.05.20 08:18:38 INFO  no build target found for C:\Users\user\OneDrive\Desktop\obbiydaalt\LoginGUI.java. Using fallback presentation compiler.
2026.05.20 08:18:38 INFO  no build target found for C:\Users\user\OneDrive\Desktop\obbiydaalt\LoginGUI.java. Using fallback presentation compiler.
2026.05.20 08:18:38 INFO  no build target found for C:\Users\user\OneDrive\Desktop\obbiydaalt\LoginGUI.java. Using fallback presentation compiler.
2026.05.20 08:18:38 WARN  Running javac-semanticdb failed for file:///C:/Users/user/OneDrive/Desktop/obbiydaalt/LoginGUI.java. Output:

2026.05.20 08:18:40 INFO  no build target found for C:\Users\user\OneDrive\Desktop\obbiydaalt\LoginGUI.java. Using fallback presentation compiler.
2026.05.20 08:18:40 INFO  no build target found for C:\Users\user\OneDrive\Desktop\obbiydaalt\LoginGUI.java. Using fallback presentation compiler.
2026.05.20 08:18:41 INFO  no build target found for C:\Users\user\OneDrive\Desktop\obbiydaalt\LoginGUI.java. Using fallback presentation compiler.
May 20, 2026 8:18:41 AM org.eclipse.lsp4j.jsonrpc.RemoteEndpoint handleCancellation
WARNING: Unmatched cancel notification for request id 2976
2026.05.20 08:18:41 INFO  no build target found for C:\Users\user\OneDrive\Desktop\obbiydaalt\LoginGUI.java. Using fallback presentation compiler.
2026.05.20 08:18:41 INFO  no build target found for C:\Users\user\OneDrive\Desktop\obbiydaalt\LoginGUI.java. Using fallback presentation compiler.
2026.05.20 08:18:41 INFO  no build target found for C:\Users\user\OneDrive\Desktop\obbiydaalt\LoginGUI.java. Using fallback presentation compiler.
May 20, 2026 8:18:41 AM org.eclipse.lsp4j.jsonrpc.RemoteEndpoint handleCancellation
WARNING: Unmatched cancel notification for request id 2977
May 20, 2026 8:18:41 AM org.eclipse.lsp4j.jsonrpc.RemoteEndpoint handleCancellation
WARNING: Unmatched cancel notification for request id 2979
2026.05.20 08:18:41 INFO  no build target found for C:\Users\user\OneDrive\Desktop\obbiydaalt\LoginGUI.java. Using fallback presentation compiler.
May 20, 2026 8:18:41 AM org.eclipse.lsp4j.jsonrpc.RemoteEndpoint handleCancellation
WARNING: Unmatched cancel notification for request id 2981
2026.05.20 08:18:41 INFO  no build target found for C:\Users\user\OneDrive\Desktop\obbiydaalt\LoginGUI.java. Using fallback presentation compiler.
2026.05.20 08:18:41 WARN  Running javac-semanticdb failed for file:///C:/Users/user/OneDrive/Desktop/obbiydaalt/LoginGUI.java. Output:

May 20, 2026 8:18:41 AM org.eclipse.lsp4j.jsonrpc.RemoteEndpoint handleCancellation
WARNING: Unmatched cancel notification for request id 2980
2026.05.20 08:18:41 WARN  no build target for: C:\Users\user\OneDrive\Desktop\obbiydaalt\LoginGUI.java
2026.05.20 08:18:41 INFO  no build target found for C:\Users\user\OneDrive\Desktop\obbiydaalt\LoginGUI.java. Using fallback presentation compiler.
2026.05.20 08:18:41 INFO  no build target found for C:\Users\user\OneDrive\Desktop\obbiydaalt\LoginGUI.java. Using fallback presentation compiler.
2026.05.20 08:18:41 INFO  no build target found for C:\Users\user\OneDrive\Desktop\obbiydaalt\LoginGUI.java. Using fallback presentation compiler.
2026.05.20 08:18:41 INFO  no build target found for C:\Users\user\OneDrive\Desktop\obbiydaalt\LoginGUI.java. Using fallback presentation compiler.
2026.05.20 08:18:41 INFO  no build target found for C:\Users\user\OneDrive\Desktop\obbiydaalt\LoginGUI.java. Using fallback presentation compiler.
2026.05.20 08:18:42 INFO  no build target found for C:\Users\user\OneDrive\Desktop\obbiydaalt\LoginGUI.java. Using fallback presentation compiler.
2026.05.20 08:18:42 INFO  no build target found for C:\Users\user\OneDrive\Desktop\obbiydaalt\LoginGUI.java. Using fallback presentation compiler.
2026.05.20 08:18:42 WARN  Running javac-semanticdb failed for file:///C:/Users/user/OneDrive/Desktop/obbiydaalt/LoginGUI.java. Output:

2026.05.20 08:18:42 INFO  no build target found for C:\Users\user\OneDrive\Desktop\obbiydaalt\LoginGUI.java. Using fallback presentation compiler.
2026.05.20 08:18:42 INFO  no build target found for C:\Users\user\OneDrive\Desktop\obbiydaalt\LoginGUI.java. Using fallback presentation compiler.
2026.05.20 08:18:43 WARN  no build target for: C:\Users\user\OneDrive\Desktop\obbiydaalt\LoginGUI.java
2026.05.20 08:18:43 INFO  no build target found for C:\Users\user\OneDrive\Desktop\obbiydaalt\LoginGUI.java. Using fallback presentation compiler.
2026.05.20 08:18:44 INFO  no build target found for C:\Users\user\OneDrive\Desktop\obbiydaalt\LoginGUI.java. Using fallback presentation compiler.
2026.05.20 08:18:44 INFO  no build target found for C:\Users\user\OneDrive\Desktop\obbiydaalt\LoginGUI.java. Using fallback presentation compiler.
2026.05.20 08:18:44 INFO  no build target found for C:\Users\user\OneDrive\Desktop\obbiydaalt\LoginGUI.java. Using fallback presentation compiler.
2026.05.20 08:18:44 INFO  no build target found for C:\Users\user\OneDrive\Desktop\obbiydaalt\LoginGUI.java. Using fallback presentation compiler.
2026.05.20 08:18:44 WARN  Running javac-semanticdb failed for file:///C:/Users/user/OneDrive/Desktop/obbiydaalt/LoginGUI.java. Output:

2026.05.20 08:18:45 INFO  no build target found for C:\Users\user\OneDrive\Desktop\obbiydaalt\LoginGUI.java. Using fallback presentation compiler.
2026.05.20 08:18:45 WARN  no build target for: C:\Users\user\OneDrive\Desktop\obbiydaalt\LoginGUI.java
2026.05.20 08:18:45 INFO  no build target found for C:\Users\user\OneDrive\Desktop\obbiydaalt\LoginGUI.java. Using fallback presentation compiler.
2026.05.20 08:18:46 INFO  no build target found for C:\Users\user\OneDrive\Desktop\obbiydaalt\LoginGUI.java. Using fallback presentation compiler.
2026.05.20 08:18:46 INFO  no build target found for C:\Users\user\OneDrive\Desktop\obbiydaalt\LoginGUI.java. Using fallback presentation compiler.
2026.05.20 08:18:46 INFO  no build target found for C:\Users\user\OneDrive\Desktop\obbiydaalt\LoginGUI.java. Using fallback presentation compiler.
2026.05.20 08:18:46 INFO  no build target found for C:\Users\user\OneDrive\Desktop\obbiydaalt\LoginGUI.java. Using fallback presentation compiler.
2026.05.20 08:18:46 INFO  no build target found for C:\Users\user\OneDrive\Desktop\obbiydaalt\LoginGUI.java. Using fallback presentation compiler.
2026.05.20 08:18:46 INFO  no build target found for C:\Users\user\OneDrive\Desktop\obbiydaalt\LoginGUI.java. Using fallback presentation compiler.
2026.05.20 08:18:46 INFO  no build target found for C:\Users\user\OneDrive\Desktop\obbiydaalt\LoginGUI.java. Using fallback presentation compiler.
2026.05.20 08:18:46 INFO  no build target found for C:\Users\user\OneDrive\Desktop\obbiydaalt\LoginGUI.java. Using fallback presentation compiler.
2026.05.20 08:18:46 INFO  no build target found for C:\Users\user\OneDrive\Desktop\obbiydaalt\LoginGUI.java. Using fallback presentation compiler.
2026.05.20 08:18:47 INFO  no build target found for C:\Users\user\OneDrive\Desktop\obbiydaalt\LoginGUI.java. Using fallback presentation compiler.
2026.05.20 08:18:47 WARN  Running javac-semanticdb failed for file:///C:/Users/user/OneDrive/Desktop/obbiydaalt/LoginGUI.java. Output:

2026.05.20 08:18:47 INFO  no build target found for C:\Users\user\OneDrive\Desktop\obbiydaalt\LoginGUI.java. Using fallback presentation compiler.
2026.05.20 08:18:47 INFO  no build target found for C:\Users\user\OneDrive\Desktop\obbiydaalt\LoginGUI.java. Using fallback presentation compiler.
2026.05.20 08:18:47 INFO  no build target found for C:\Users\user\OneDrive\Desktop\obbiydaalt\LoginGUI.java. Using fallback presentation compiler.
2026.05.20 08:18:48 INFO  no build target found for C:\Users\user\OneDrive\Desktop\obbiydaalt\LoginGUI.java. Using fallback presentation compiler.
2026.05.20 08:18:48 INFO  no build target found for C:\Users\user\OneDrive\Desktop\obbiydaalt\LoginGUI.java. Using fallback presentation compiler.
May 20, 2026 8:18:48 AM org.eclipse.lsp4j.jsonrpc.RemoteEndpoint handleCancellation
WARNING: Unmatched cancel notification for request id 3032
May 20, 2026 8:18:48 AM org.eclipse.lsp4j.jsonrpc.RemoteEndpoint handleCancellation
WARNING: Unmatched cancel notification for request id 3031
2026.05.20 08:18:48 INFO  no build target found for C:\Users\user\OneDrive\Desktop\obbiydaalt\LoginGUI.java. Using fallback presentation compiler.
2026.05.20 08:18:48 INFO  no build target found for C:\Users\user\OneDrive\Desktop\obbiydaalt\LoginGUI.java. Using fallback presentation compiler.
2026.05.20 08:18:48 WARN  Running javac-semanticdb failed for file:///C:/Users/user/OneDrive/Desktop/obbiydaalt/LoginGUI.java. Output:

2026.05.20 08:18:48 WARN  Running javac-semanticdb failed for file:///C:/Users/user/OneDrive/Desktop/obbiydaalt/LoginGUI.java. Output:

2026.05.20 08:18:48 INFO  no build target found for C:\Users\user\OneDrive\Desktop\obbiydaalt\LoginGUI.java. Using fallback presentation compiler.
2026.05.20 08:18:49 INFO  no build target found for C:\Users\user\OneDrive\Desktop\obbiydaalt\LoginGUI.java. Using fallback presentation compiler.
2026.05.20 08:18:48 WARN  no build target for: C:\Users\user\OneDrive\Desktop\obbiydaalt\LoginGUI.java
2026.05.20 08:18:48 INFO  no build target found for C:\Users\user\OneDrive\Desktop\obbiydaalt\LoginGUI.java. Using fallback presentation compiler.
2026.05.20 08:18:50 INFO  no build target found for C:\Users\user\OneDrive\Desktop\obbiydaalt\LoginGUI.java. Using fallback presentation compiler.
2026.05.20 08:18:50 INFO  no build target found for C:\Users\user\OneDrive\Desktop\obbiydaalt\LoginGUI.java. Using fallback presentation compiler.
2026.05.20 08:18:50 INFO  no build target found for C:\Users\user\OneDrive\Desktop\obbiydaalt\LoginGUI.java. Using fallback presentation compiler.
2026.05.20 08:18:50 WARN  Running javac-semanticdb failed for file:///C:/Users/user/OneDrive/Desktop/obbiydaalt/LoginGUI.java. Output:

2026.05.20 08:18:50 INFO  no build target found for C:\Users\user\OneDrive\Desktop\obbiydaalt\LoginGUI.java. Using fallback presentation compiler.
2026.05.20 08:18:50 INFO  no build target found for C:\Users\user\OneDrive\Desktop\obbiydaalt\LoginGUI.java. Using fallback presentation compiler.
2026.05.20 08:18:51 WARN  no build target for: C:\Users\user\OneDrive\Desktop\obbiydaalt\LoginGUI.java
2026.05.20 08:18:51 INFO  no build target found for C:\Users\user\OneDrive\Desktop\obbiydaalt\LoginGUI.java. Using fallback presentation compiler.
2026.05.20 08:18:52 INFO  no build target found for C:\Users\user\OneDrive\Desktop\obbiydaalt\LoginGUI.java. Using fallback presentation compiler.
2026.05.20 08:18:52 INFO  no build target found for C:\Users\user\OneDrive\Desktop\obbiydaalt\LoginGUI.java. Using fallback presentation compiler.
2026.05.20 08:18:52 INFO  no build target found for C:\Users\user\OneDrive\Desktop\obbiydaalt\LoginGUI.java. Using fallback presentation compiler.
2026.05.20 08:18:52 INFO  no build target found for C:\Users\user\OneDrive\Desktop\obbiydaalt\LoginGUI.java. Using fallback presentation compiler.
2026.05.20 08:18:52 WARN  Running javac-semanticdb failed for file:///C:/Users/user/OneDrive/Desktop/obbiydaalt/LoginGUI.java. Output:

2026.05.20 08:18:52 INFO  no build target found for C:\Users\user\OneDrive\Desktop\obbiydaalt\LoginGUI.java. Using fallback presentation compiler.
2026.05.20 08:18:52 INFO  no build target found for C:\Users\user\OneDrive\Desktop\obbiydaalt\LoginGUI.java. Using fallback presentation compiler.
2026.05.20 08:18:53 WARN  no build target for: C:\Users\user\OneDrive\Desktop\obbiydaalt\LoginGUI.java
2026.05.20 08:18:53 INFO  no build target found for C:\Users\user\OneDrive\Desktop\obbiydaalt\LoginGUI.java. Using fallback presentation compiler.
2026.05.20 08:18:53 INFO  no build target found for C:\Users\user\OneDrive\Desktop\obbiydaalt\LoginGUI.java. Using fallback presentation compiler.
2026.05.20 08:18:53 INFO  no build target found for C:\Users\user\OneDrive\Desktop\obbiydaalt\LoginGUI.java. Using fallback presentation compiler.
2026.05.20 08:18:53 INFO  no build target found for C:\Users\user\OneDrive\Desktop\obbiydaalt\LoginGUI.java. Using fallback presentation compiler.
2026.05.20 08:18:53 INFO  no build target found for C:\Users\user\OneDrive\Desktop\obbiydaalt\LoginGUI.java. Using fallback presentation compiler.
2026.05.20 08:18:54 WARN  Running javac-semanticdb failed for file:///C:/Users/user/OneDrive/Desktop/obbiydaalt/LoginGUI.java. Output:

2026.05.20 08:18:54 INFO  no build target found for C:\Users\user\OneDrive\Desktop\obbiydaalt\LoginGUI.java. Using fallback presentation compiler.
2026.05.20 08:18:55 INFO  no build target found for C:\Users\user\OneDrive\Desktop\obbiydaalt\LoginGUI.java. Using fallback presentation compiler.
2026.05.20 08:18:55 WARN  no build target for: C:\Users\user\OneDrive\Desktop\obbiydaalt\LoginGUI.java
2026.05.20 08:18:54 INFO  no build target found for C:\Users\user\OneDrive\Desktop\obbiydaalt\LoginGUI.java. Using fallback presentation compiler.
2026.05.20 08:18:55 INFO  no build target found for C:\Users\user\OneDrive\Desktop\obbiydaalt\LoginGUI.java. Using fallback presentation compiler.
2026.05.20 08:18:55 INFO  no build target found for C:\Users\user\OneDrive\Desktop\obbiydaalt\LoginGUI.java. Using fallback presentation compiler.
2026.05.20 08:18:56 INFO  no build target found for C:\Users\user\OneDrive\Desktop\obbiydaalt\LoginGUI.java. Using fallback presentation compiler.
2026.05.20 08:18:56 INFO  no build target found for C:\Users\user\OneDrive\Desktop\obbiydaalt\LoginGUI.java. Using fallback presentation compiler.
2026.05.20 08:18:56 INFO  no build target found for C:\Users\user\OneDrive\Desktop\obbiydaalt\LoginGUI.java. Using fallback presentation compiler.
May 20, 2026 8:18:56 AM org.eclipse.lsp4j.jsonrpc.RemoteEndpoint handleCancellation
WARNING: Unmatched cancel notification for request id 3086
May 20, 2026 8:18:56 AM org.eclipse.lsp4j.jsonrpc.RemoteEndpoint handleCancellation
WARNING: Unmatched cancel notification for request id 3084
2026.05.20 08:18:56 INFO  no build target found for C:\Users\user\OneDrive\Desktop\obbiydaalt\LoginGUI.java. Using fallback presentation compiler.
2026.05.20 08:18:56 INFO  no build target found for C:\Users\user\OneDrive\Desktop\obbiydaalt\LoginGUI.java. Using fallback presentation compiler.
2026.05.20 08:18:56 WARN  Running javac-semanticdb failed for file:///C:/Users/user/OneDrive/Desktop/obbiydaalt/LoginGUI.java. Output:

2026.05.20 08:18:56 WARN  Running javac-semanticdb failed for file:///C:/Users/user/OneDrive/Desktop/obbiydaalt/LoginGUI.java. Output:

2026.05.20 08:18:56 INFO  no build target found for C:\Users\user\OneDrive\Desktop\obbiydaalt\LoginGUI.java. Using fallback presentation compiler.
2026.05.20 08:18:57 INFO  no build target found for C:\Users\user\OneDrive\Desktop\obbiydaalt\LoginGUI.java. Using fallback presentation compiler.
2026.05.20 08:18:57 WARN  no build target for: C:\Users\user\OneDrive\Desktop\obbiydaalt\LoginGUI.java
2026.05.20 08:18:57 INFO  no build target found for C:\Users\user\OneDrive\Desktop\obbiydaalt\LoginGUI.java. Using fallback presentation compiler.
2026.05.20 08:18:57 INFO  no build target found for C:\Users\user\OneDrive\Desktop\obbiydaalt\LoginGUI.java. Using fallback presentation compiler.
2026.05.20 08:18:57 INFO  no build target found for C:\Users\user\OneDrive\Desktop\obbiydaalt\LoginGUI.java. Using fallback presentation compiler.
2026.05.20 08:18:57 INFO  no build target found for C:\Users\user\OneDrive\Desktop\obbiydaalt\LoginGUI.java. Using fallback presentation compiler.
2026.05.20 08:18:57 INFO  no build target found for C:\Users\user\OneDrive\Desktop\obbiydaalt\LoginGUI.java. Using fallback presentation compiler.
2026.05.20 08:18:57 INFO  no build target found for C:\Users\user\OneDrive\Desktop\obbiydaalt\LoginGUI.java. Using fallback presentation compiler.
2026.05.20 08:19:02 INFO  no build target found for C:\Users\user\OneDrive\Desktop\obbiydaalt\LoginGUI.java. Using fallback presentation compiler.
2026.05.20 08:19:02 INFO  no build target found for C:\Users\user\OneDrive\Desktop\obbiydaalt\LoginGUI.java. Using fallback presentation compiler.
2026.05.20 08:19:02 INFO  no build target found for C:\Users\user\OneDrive\Desktop\obbiydaalt\LoginGUI.java. Using fallback presentation compiler.
2026.05.20 08:19:03 INFO  no build target found for C:\Users\user\OneDrive\Desktop\obbiydaalt\LoginGUI.java. Using fallback presentation compiler.
2026.05.20 08:19:02 INFO  no build target found for C:\Users\user\OneDrive\Desktop\obbiydaalt\LoginGUI.java. Using fallback presentation compiler.
May 20, 2026 8:19:03 AM org.eclipse.lsp4j.jsonrpc.RemoteEndpoint handleCancellation
WARNING: Unmatched cancel notification for request id 3108
May 20, 2026 8:19:03 AM org.eclipse.lsp4j.jsonrpc.RemoteEndpoint handleCancellation
WARNING: Unmatched cancel notification for request id 3107
2026.05.20 08:19:02 INFO  no build target found for C:\Users\user\OneDrive\Desktop\obbiydaalt\LoginGUI.java. Using fallback presentation compiler.
2026.05.20 08:19:02 INFO  no build target found for C:\Users\user\OneDrive\Desktop\obbiydaalt\LoginGUI.java. Using fallback presentation compiler.
2026.05.20 08:19:02 INFO  no build target found for C:\Users\user\OneDrive\Desktop\obbiydaalt\LoginGUI.java. Using fallback presentation compiler.
2026.05.20 08:19:03 WARN  Running javac-semanticdb failed for file:///C:/Users/user/OneDrive/Desktop/obbiydaalt/LoginGUI.java. Output:

2026.05.20 08:19:03 WARN  Running javac-semanticdb failed for file:///C:/Users/user/OneDrive/Desktop/obbiydaalt/LoginGUI.java. Output:

2026.05.20 08:19:03 INFO  no build target found for C:\Users\user\OneDrive\Desktop\obbiydaalt\LoginGUI.java. Using fallback presentation compiler.
2026.05.20 08:19:03 INFO  no build target found for C:\Users\user\OneDrive\Desktop\obbiydaalt\LoginGUI.java. Using fallback presentation compiler.
2026.05.20 08:19:04 WARN  no build target for: C:\Users\user\OneDrive\Desktop\obbiydaalt\LoginGUI.java
2026.05.20 08:19:04 INFO  no build target found for C:\Users\user\OneDrive\Desktop\obbiydaalt\LoginGUI.java. Using fallback presentation compiler.
2026.05.20 08:19:05 INFO  no build target found for C:\Users\user\OneDrive\Desktop\obbiydaalt\LoginGUI.java. Using fallback presentation compiler.
2026.05.20 08:19:05 INFO  no build target found for C:\Users\user\OneDrive\Desktop\obbiydaalt\LoginGUI.java. Using fallback presentation compiler.
2026.05.20 08:19:05 INFO  no build target found for C:\Users\user\OneDrive\Desktop\obbiydaalt\LoginGUI.java. Using fallback presentation compiler.
2026.05.20 08:19:05 INFO  no build target found for C:\Users\user\OneDrive\Desktop\obbiydaalt\LoginGUI.java. Using fallback presentation compiler.
2026.05.20 08:19:05 WARN  Running javac-semanticdb failed for file:///C:/Users/user/OneDrive/Desktop/obbiydaalt/LoginGUI.java. Output:

2026.05.20 08:19:05 INFO  no build target found for C:\Users\user\OneDrive\Desktop\obbiydaalt\LoginGUI.java. Using fallback presentation compiler.
2026.05.20 08:19:05 INFO  no build target found for C:\Users\user\OneDrive\Desktop\obbiydaalt\LoginGUI.java. Using fallback presentation compiler.
2026.05.20 08:19:06 WARN  no build target for: C:\Users\user\OneDrive\Desktop\obbiydaalt\LoginGUI.java
2026.05.20 08:19:05 INFO  no build target found for C:\Users\user\OneDrive\Desktop\obbiydaalt\LoginGUI.java. Using fallback presentation compiler.
2026.05.20 08:19:06 INFO  no build target found for C:\Users\user\OneDrive\Desktop\obbiydaalt\LoginGUI.java. Using fallback presentation compiler.
2026.05.20 08:19:06 INFO  no build target found for C:\Users\user\OneDrive\Desktop\obbiydaalt\LoginGUI.java. Using fallback presentation compiler.
2026.05.20 08:19:06 INFO  no build target found for C:\Users\user\OneDrive\Desktop\obbiydaalt\LoginGUI.java. Using fallback presentation compiler.
2026.05.20 08:19:06 INFO  no build target found for C:\Users\user\OneDrive\Desktop\obbiydaalt\LoginGUI.java. Using fallback presentation compiler.
2026.05.20 08:19:06 INFO  no build target found for C:\Users\user\OneDrive\Desktop\obbiydaalt\LoginGUI.java. Using fallback presentation compiler.
2026.05.20 08:19:06 WARN  Running javac-semanticdb failed for file:///C:/Users/user/OneDrive/Desktop/obbiydaalt/LoginGUI.java. Output:

2026.05.20 08:19:06 INFO  no build target found for C:\Users\user\OneDrive\Desktop\obbiydaalt\LoginGUI.java. Using fallback presentation compiler.
2026.05.20 08:19:07 INFO  no build target found for C:\Users\user\OneDrive\Desktop\obbiydaalt\LoginGUI.java. Using fallback presentation compiler.
2026.05.20 08:19:07 WARN  no build target for: C:\Users\user\OneDrive\Desktop\obbiydaalt\LoginGUI.java
2026.05.20 08:19:07 WARN  Running javac-semanticdb failed for file:///C:/Users/user/OneDrive/Desktop/obbiydaalt/LoginGUI.java. Output:

2026.05.20 08:19:07 INFO  no build target found for C:\Users\user\OneDrive\Desktop\obbiydaalt\LoginGUI.java. Using fallback presentation compiler.
2026.05.20 08:19:07 INFO  no build target found for C:\Users\user\OneDrive\Desktop\obbiydaalt\LoginGUI.java. Using fallback presentation compiler.
2026.05.20 08:19:07 INFO  no build target found for C:\Users\user\OneDrive\Desktop\obbiydaalt\LoginGUI.java. Using fallback presentation compiler.
2026.05.20 08:19:10 INFO  no build target found for C:\Users\user\OneDrive\Desktop\obbiydaalt\LoginGUI.java. Using fallback presentation compiler.
2026.05.20 08:19:10 INFO  no build target found for C:\Users\user\OneDrive\Desktop\obbiydaalt\LoginGUI.java. Using fallback presentation compiler.
2026.05.20 08:19:12 INFO  no build target found for C:\Users\user\OneDrive\Desktop\obbiydaalt\LoginGUI.java. Using fallback presentation compiler.
2026.05.20 08:19:12 INFO  no build target found for C:\Users\user\OneDrive\Desktop\obbiydaalt\LoginGUI.java. Using fallback presentation compiler.
2026.05.20 08:19:13 INFO  no build target found for C:\Users\user\OneDrive\Desktop\obbiydaalt\LoginGUI.java. Using fallback presentation compiler.
2026.05.20 08:19:13 INFO  no build target found for C:\Users\user\OneDrive\Desktop\obbiydaalt\LoginGUI.java. Using fallback presentation compiler.
2026.05.20 08:19:13 INFO  no build target found for C:\Users\user\OneDrive\Desktop\obbiydaalt\LoginGUI.java. Using fallback presentation compiler.
2026.05.20 08:19:14 INFO  no build target found for C:\Users\user\OneDrive\Desktop\obbiydaalt\LoginGUI.java. Using fallback presentation compiler.
2026.05.20 08:19:14 WARN  Running javac-semanticdb failed for file:///C:/Users/user/OneDrive/Desktop/obbiydaalt/LoginGUI.java. Output:

2026.05.20 08:19:13 INFO  no build target found for C:\Users\user\OneDrive\Desktop\obbiydaalt\LoginGUI.java. Using fallback presentation compiler.
2026.05.20 08:19:13 INFO  no build target found for C:\Users\user\OneDrive\Desktop\obbiydaalt\LoginGUI.java. Using fallback presentation compiler.
2026.05.20 08:19:13 INFO  no build target found for C:\Users\user\OneDrive\Desktop\obbiydaalt\LoginGUI.java. Using fallback presentation compiler.
2026.05.20 08:19:14 INFO  no build target found for C:\Users\user\OneDrive\Desktop\obbiydaalt\LoginGUI.java. Using fallback presentation compiler.
2026.05.20 08:19:14 WARN  Running javac-semanticdb failed for file:///C:/Users/user/OneDrive/Desktop/obbiydaalt/LoginGUI.java. Output:

2026.05.20 08:19:14 INFO  no build target found for C:\Users\user\OneDrive\Desktop\obbiydaalt\LoginGUI.java. Using fallback presentation compiler.
2026.05.20 08:19:15 WARN  no build target for: C:\Users\user\OneDrive\Desktop\obbiydaalt\LoginGUI.java
2026.05.20 08:19:15 INFO  no build target found for C:\Users\user\OneDrive\Desktop\obbiydaalt\LoginGUI.java. Using fallback presentation compiler.
2026.05.20 08:19:14 INFO  no build target found for C:\Users\user\OneDrive\Desktop\obbiydaalt\LoginGUI.java. Using fallback presentation compiler.
2026.05.20 08:19:16 INFO  no build target found for C:\Users\user\OneDrive\Desktop\obbiydaalt\LoginGUI.java. Using fallback presentation compiler.
2026.05.20 08:19:18 INFO  no build target found for C:\Users\user\OneDrive\Desktop\obbiydaalt\LoginGUI.java. Using fallback presentation compiler.
2026.05.20 08:19:18 INFO  no build target found for C:\Users\user\OneDrive\Desktop\obbiydaalt\LoginGUI.java. Using fallback presentation compiler.
2026.05.20 08:19:18 INFO  no build target found for C:\Users\user\OneDrive\Desktop\obbiydaalt\LoginGUI.java. Using fallback presentation compiler.
May 20, 2026 8:19:19 AM org.eclipse.lsp4j.jsonrpc.RemoteEndpoint handleCancellation
WARNING: Unmatched cancel notification for request id 3180
2026.05.20 08:19:18 INFO  no build target found for C:\Users\user\OneDrive\Desktop\obbiydaalt\LoginGUI.java. Using fallback presentation compiler.
2026.05.20 08:19:19 INFO  no build target found for C:\Users\user\OneDrive\Desktop\obbiydaalt\LoginGUI.java. Using fallback presentation compiler.
2026.05.20 08:19:18 INFO  no build target found for C:\Users\user\OneDrive\Desktop\obbiydaalt\LoginGUI.java. Using fallback presentation compiler.
May 20, 2026 8:19:19 AM org.eclipse.lsp4j.jsonrpc.RemoteEndpoint handleCancellation
WARNING: Unmatched cancel notification for request id 3184
2026.05.20 08:19:18 INFO  no build target found for C:\Users\user\OneDrive\Desktop\obbiydaalt\LoginGUI.java. Using fallback presentation compiler.
2026.05.20 08:19:19 WARN  Running javac-semanticdb failed for file:///C:/Users/user/OneDrive/Desktop/obbiydaalt/LoginGUI.java. Output:

2026.05.20 08:19:19 INFO  no build target found for C:\Users\user\OneDrive\Desktop\obbiydaalt\LoginGUI.java. Using fallback presentation compiler.
2026.05.20 08:19:19 WARN  no build target for: C:\Users\user\OneDrive\Desktop\obbiydaalt\LoginGUI.java
2026.05.20 08:19:19 INFO  no build target found for C:\Users\user\OneDrive\Desktop\obbiydaalt\LoginGUI.java. Using fallback presentation compiler.
2026.05.20 08:19:19 INFO  no build target found for C:\Users\user\OneDrive\Desktop\obbiydaalt\LoginGUI.java. Using fallback presentation compiler.
2026.05.20 08:19:19 INFO  no build target found for C:\Users\user\OneDrive\Desktop\obbiydaalt\LoginGUI.java. Using fallback presentation compiler.
2026.05.20 08:19:20 INFO  no build target found for C:\Users\user\OneDrive\Desktop\obbiydaalt\LoginGUI.java. Using fallback presentation compiler.
2026.05.20 08:19:19 WARN  Running javac-semanticdb failed for file:///C:/Users/user/OneDrive/Desktop/obbiydaalt/LoginGUI.java. Output:

2026.05.20 08:19:20 INFO  no build target found for C:\Users\user\OneDrive\Desktop\obbiydaalt\LoginGUI.java. Using fallback presentation compiler.
2026.05.20 08:19:20 INFO  no build target found for C:\Users\user\OneDrive\Desktop\obbiydaalt\LoginGUI.java. Using fallback presentation compiler.
2026.05.20 08:19:20 INFO  no build target found for C:\Users\user\OneDrive\Desktop\obbiydaalt\LoginGUI.java. Using fallback presentation compiler.
2026.05.20 08:19:21 WARN  no build target for: C:\Users\user\OneDrive\Desktop\obbiydaalt\LoginGUI.java
2026.05.20 08:19:21 INFO  no build target found for C:\Users\user\OneDrive\Desktop\obbiydaalt\LoginGUI.java. Using fallback presentation compiler.
2026.05.20 08:19:21 INFO  no build target found for C:\Users\user\OneDrive\Desktop\obbiydaalt\LoginGUI.java. Using fallback presentation compiler.
2026.05.20 08:19:21 INFO  no build target found for C:\Users\user\OneDrive\Desktop\obbiydaalt\LoginGUI.java. Using fallback presentation compiler.
2026.05.20 08:19:21 INFO  no build target found for C:\Users\user\OneDrive\Desktop\obbiydaalt\LoginGUI.java. Using fallback presentation compiler.
2026.05.20 08:19:22 INFO  no build target found for C:\Users\user\OneDrive\Desktop\obbiydaalt\LoginGUI.java. Using fallback presentation compiler.
2026.05.20 08:19:22 WARN  Running javac-semanticdb failed for file:///C:/Users/user/OneDrive/Desktop/obbiydaalt/LoginGUI.java. Output:

2026.05.20 08:19:21 INFO  no build target found for C:\Users\user\OneDrive\Desktop\obbiydaalt\LoginGUI.java. Using fallback presentation compiler.
2026.05.20 08:19:21 INFO  no build target found for C:\Users\user\OneDrive\Desktop\obbiydaalt\LoginGUI.java. Using fallback presentation compiler.
2026.05.20 08:19:21 INFO  no build target found for C:\Users\user\OneDrive\Desktop\obbiydaalt\LoginGUI.java. Using fallback presentation compiler.
May 20, 2026 8:19:22 AM org.eclipse.lsp4j.jsonrpc.RemoteEndpoint handleCancellation
WARNING: Unmatched cancel notification for request id 3214
2026.05.20 08:19:21 INFO  no build target found for C:\Users\user\OneDrive\Desktop\obbiydaalt\LoginGUI.java. Using fallback presentation compiler.
2026.05.20 08:19:22 INFO  no build target found for C:\Users\user\OneDrive\Desktop\obbiydaalt\LoginGUI.java. Using fallback presentation compiler.
2026.05.20 08:19:22 WARN  Running javac-semanticdb failed for file:///C:/Users/user/OneDrive/Desktop/obbiydaalt/LoginGUI.java. Output:

2026.05.20 08:19:22 INFO  no build target found for C:\Users\user\OneDrive\Desktop\obbiydaalt\LoginGUI.java. Using fallback presentation compiler.
2026.05.20 08:19:23 WARN  Running javac-semanticdb failed for file:///C:/Users/user/OneDrive/Desktop/obbiydaalt/LoginGUI.java. Output:

2026.05.20 08:19:22 INFO  no build target found for C:\Users\user\OneDrive\Desktop\obbiydaalt\LoginGUI.java. Using fallback presentation compiler.
2026.05.20 08:19:22 INFO  no build target found for C:\Users\user\OneDrive\Desktop\obbiydaalt\LoginGUI.java. Using fallback presentation compiler.
2026.05.20 08:19:22 WARN  Running javac-semanticdb failed for file:///C:/Users/user/OneDrive/Desktop/obbiydaalt/LoginGUI.java. Output:

2026.05.20 08:19:23 INFO  no build target found for C:\Users\user\OneDrive\Desktop\obbiydaalt\LoginGUI.java. Using fallback presentation compiler.
2026.05.20 08:19:22 INFO  no build target found for C:\Users\user\OneDrive\Desktop\obbiydaalt\LoginGUI.java. Using fallback presentation compiler.
2026.05.20 08:19:22 INFO  no build target found for C:\Users\user\OneDrive\Desktop\obbiydaalt\LoginGUI.java. Using fallback presentation compiler.
2026.05.20 08:19:23 INFO  no build target found for C:\Users\user\OneDrive\Desktop\obbiydaalt\LoginGUI.java. Using fallback presentation compiler.
2026.05.20 08:19:23 WARN  Running javac-semanticdb failed for file:///C:/Users/user/OneDrive/Desktop/obbiydaalt/LoginGUI.java. Output:

2026.05.20 08:19:24 WARN  no build target for: C:\Users\user\OneDrive\Desktop\obbiydaalt\LoginGUI.java
2026.05.20 08:19:24 INFO  no build target found for C:\Users\user\OneDrive\Desktop\obbiydaalt\LoginGUI.java. Using fallback presentation compiler.
2026.05.20 08:19:25 INFO  no build target found for C:\Users\user\OneDrive\Desktop\obbiydaalt\LoginGUI.java. Using fallback presentation compiler.
2026.05.20 08:19:25 INFO  no build target found for C:\Users\user\OneDrive\Desktop\obbiydaalt\LoginGUI.java. Using fallback presentation compiler.
2026.05.20 08:19:26 INFO  no build target found for C:\Users\user\OneDrive\Desktop\obbiydaalt\LoginGUI.java. Using fallback presentation compiler.
May 20, 2026 8:19:26 AM org.eclipse.lsp4j.jsonrpc.RemoteEndpoint handleCancellation
WARNING: Unmatched cancel notification for request id 3240
2026.05.20 08:19:26 INFO  no build target found for C:\Users\user\OneDrive\Desktop\obbiydaalt\LoginGUI.java. Using fallback presentation compiler.
2026.05.20 08:19:26 INFO  no build target found for C:\Users\user\OneDrive\Desktop\obbiydaalt\LoginGUI.java. Using fallback presentation compiler.
2026.05.20 08:19:26 INFO  no build target found for C:\Users\user\OneDrive\Desktop\obbiydaalt\LoginGUI.java. Using fallback presentation compiler.
2026.05.20 08:19:26 WARN  Running javac-semanticdb failed for file:///C:/Users/user/OneDrive/Desktop/obbiydaalt/LoginGUI.java. Output:

2026.05.20 08:19:26 INFO  no build target found for C:\Users\user\OneDrive\Desktop\obbiydaalt\LoginGUI.java. Using fallback presentation compiler.
2026.05.20 08:19:26 INFO  no build target found for C:\Users\user\OneDrive\Desktop\obbiydaalt\LoginGUI.java. Using fallback presentation compiler.
2026.05.20 08:19:26 INFO  no build target found for C:\Users\user\OneDrive\Desktop\obbiydaalt\LoginGUI.java. Using fallback presentation compiler.
2026.05.20 08:19:26 INFO  no build target found for C:\Users\user\OneDrive\Desktop\obbiydaalt\LoginGUI.java. Using fallback presentation compiler.
2026.05.20 08:19:26 INFO  no build target found for C:\Users\user\OneDrive\Desktop\obbiydaalt\LoginGUI.java. Using fallback presentation compiler.
2026.05.20 08:19:26 INFO  no build target found for C:\Users\user\OneDrive\Desktop\obbiydaalt\LoginGUI.java. Using fallback presentation compiler.
2026.05.20 08:19:27 INFO  no build target found for C:\Users\user\OneDrive\Desktop\obbiydaalt\LoginGUI.java. Using fallback presentation compiler.
2026.05.20 08:19:27 WARN  Running javac-semanticdb failed for file:///C:/Users/user/OneDrive/Desktop/obbiydaalt/LoginGUI.java. Output:

2026.05.20 08:19:27 INFO  no build target found for C:\Users\user\OneDrive\Desktop\obbiydaalt\LoginGUI.java. Using fallback presentation compiler.
2026.05.20 08:19:27 WARN  Running javac-semanticdb failed for file:///C:/Users/user/OneDrive/Desktop/obbiydaalt/LoginGUI.java. Output:

2026.05.20 08:19:27 INFO  no build target found for C:\Users\user\OneDrive\Desktop\obbiydaalt\LoginGUI.java. Using fallback presentation compiler.
2026.05.20 08:19:27 INFO  no build target found for C:\Users\user\OneDrive\Desktop\obbiydaalt\LoginGUI.java. Using fallback presentation compiler.
2026.05.20 08:19:28 INFO  no build target found for C:\Users\user\OneDrive\Desktop\obbiydaalt\LoginGUI.java. Using fallback presentation compiler.
2026.05.20 08:19:27 INFO  no build target found for C:\Users\user\OneDrive\Desktop\obbiydaalt\LoginGUI.java. Using fallback presentation compiler.
2026.05.20 08:19:27 INFO  no build target found for C:\Users\user\OneDrive\Desktop\obbiydaalt\LoginGUI.java. Using fallback presentation compiler.
2026.05.20 08:19:28 WARN  Running javac-semanticdb failed for file:///C:/Users/user/OneDrive/Desktop/obbiydaalt/LoginGUI.java. Output:

2026.05.20 08:19:29 INFO  no build target found for C:\Users\user\OneDrive\Desktop\obbiydaalt\LoginGUI.java. Using fallback presentation compiler.
2026.05.20 08:19:29 WARN  no build target for: C:\Users\user\OneDrive\Desktop\obbiydaalt\LoginGUI.java
2026.05.20 08:19:29 WARN  Running javac-semanticdb failed for file:///C:/Users/user/OneDrive/Desktop/obbiydaalt/LoginGUI.java. Output:

2026.05.20 08:19:29 INFO  no build target found for C:\Users\user\OneDrive\Desktop\obbiydaalt\LoginGUI.java. Using fallback presentation compiler.
2026.05.20 08:19:30 INFO  no build target found for C:\Users\user\OneDrive\Desktop\obbiydaalt\LoginGUI.java. Using fallback presentation compiler.
2026.05.20 08:19:30 INFO  no build target found for C:\Users\user\OneDrive\Desktop\obbiydaalt\LoginGUI.java. Using fallback presentation compiler.
2026.05.20 08:19:32 INFO  no build target found for C:\Users\user\OneDrive\Desktop\obbiydaalt\LoginGUI.java. Using fallback presentation compiler.
2026.05.20 08:19:32 INFO  no build target found for C:\Users\user\OneDrive\Desktop\obbiydaalt\LoginGUI.java. Using fallback presentation compiler.
May 20, 2026 8:19:32 AM org.eclipse.lsp4j.jsonrpc.RemoteEndpoint handleCancellation
WARNING: Unmatched cancel notification for request id 3281
2026.05.20 08:19:32 INFO  no build target found for C:\Users\user\OneDrive\Desktop\obbiydaalt\LoginGUI.java. Using fallback presentation compiler.
2026.05.20 08:19:32 INFO  no build target found for C:\Users\user\OneDrive\Desktop\obbiydaalt\LoginGUI.java. Using fallback presentation compiler.
May 20, 2026 8:19:32 AM org.eclipse.lsp4j.jsonrpc.RemoteEndpoint handleCancellation
WARNING: Unmatched cancel notification for request id 3284
May 20, 2026 8:19:32 AM org.eclipse.lsp4j.jsonrpc.RemoteEndpoint handleCancellation
WARNING: Unmatched cancel notification for request id 3283
2026.05.20 08:19:32 INFO  no build target found for C:\Users\user\OneDrive\Desktop\obbiydaalt\LoginGUI.java. Using fallback presentation compiler.
May 20, 2026 8:19:32 AM org.eclipse.lsp4j.jsonrpc.RemoteEndpoint handleCancellation
WARNING: Unmatched cancel notification for request id 3287
2026.05.20 08:19:32 INFO  no build target found for C:\Users\user\OneDrive\Desktop\obbiydaalt\LoginGUI.java. Using fallback presentation compiler.
2026.05.20 08:19:32 WARN  Running javac-semanticdb failed for file:///C:/Users/user/OneDrive/Desktop/obbiydaalt/LoginGUI.java. Output:

2026.05.20 08:19:32 INFO  no build target found for C:\Users\user\OneDrive\Desktop\obbiydaalt\LoginGUI.java. Using fallback presentation compiler.
2026.05.20 08:19:32 WARN  Running javac-semanticdb failed for file:///C:/Users/user/OneDrive/Desktop/obbiydaalt/LoginGUI.java. Output:

2026.05.20 08:19:32 INFO  no build target found for C:\Users\user\OneDrive\Desktop\obbiydaalt\LoginGUI.java. Using fallback presentation compiler.
2026.05.20 08:19:32 INFO  no build target found for C:\Users\user\OneDrive\Desktop\obbiydaalt\LoginGUI.java. Using fallback presentation compiler.
2026.05.20 08:19:32 INFO  no build target found for C:\Users\user\OneDrive\Desktop\obbiydaalt\LoginGUI.java. Using fallback presentation compiler.
2026.05.20 08:19:32 WARN  Running javac-semanticdb failed for file:///C:/Users/user/OneDrive/Desktop/obbiydaalt/LoginGUI.java. Output:

2026.05.20 08:19:32 INFO  no build target found for C:\Users\user\OneDrive\Desktop\obbiydaalt\LoginGUI.java. Using fallback presentation compiler.
2026.05.20 08:19:33 WARN  no build target for: C:\Users\user\OneDrive\Desktop\obbiydaalt\LoginGUI.java
2026.05.20 08:19:33 INFO  no build target found for C:\Users\user\OneDrive\Desktop\obbiydaalt\LoginGUI.java. Using fallback presentation compiler.
2026.05.20 08:19:33 INFO  no build target found for C:\Users\user\OneDrive\Desktop\obbiydaalt\LoginGUI.java. Using fallback presentation compiler.
2026.05.20 08:19:33 INFO  no build target found for C:\Users\user\OneDrive\Desktop\obbiydaalt\LoginGUI.java. Using fallback presentation compiler.
2026.05.20 08:19:33 INFO  no build target found for C:\Users\user\OneDrive\Desktop\obbiydaalt\LoginGUI.java. Using fallback presentation compiler.
2026.05.20 08:19:33 INFO  no build target found for C:\Users\user\OneDrive\Desktop\obbiydaalt\LoginGUI.java. Using fallback presentation compiler.
2026.05.20 08:19:33 INFO  no build target found for C:\Users\user\OneDrive\Desktop\obbiydaalt\LoginGUI.java. Using fallback presentation compiler.
2026.05.20 08:19:35 INFO  no build target found for C:\Users\user\OneDrive\Desktop\obbiydaalt\LoginGUI.java. Using fallback presentation compiler.
2026.05.20 08:19:37 INFO  no build target found for C:\Users\user\OneDrive\Desktop\obbiydaalt\LoginGUI.java. Using fallback presentation compiler.
2026.05.20 08:19:37 INFO  no build target found for C:\Users\user\OneDrive\Desktop\obbiydaalt\LoginGUI.java. Using fallback presentation compiler.
2026.05.20 08:19:37 INFO  no build target found for C:\Users\user\OneDrive\Desktop\obbiydaalt\LoginGUI.java. Using fallback presentation compiler.
2026.05.20 08:19:38 INFO  no build target found for C:\Users\user\OneDrive\Desktop\obbiydaalt\LoginGUI.java. Using fallback presentation compiler.
2026.05.20 08:19:38 INFO  no build target found for C:\Users\user\OneDrive\Desktop\obbiydaalt\LoginGUI.java. Using fallback presentation compiler.
2026.05.20 08:19:39 INFO  no build target found for C:\Users\user\OneDrive\Desktop\obbiydaalt\LoginGUI.java. Using fallback presentation compiler.
2026.05.20 08:19:39 INFO  no build target found for C:\Users\user\OneDrive\Desktop\obbiydaalt\LoginGUI.java. Using fallback presentation compiler.
May 20, 2026 8:19:39 AM org.eclipse.lsp4j.jsonrpc.RemoteEndpoint handleCancellation
WARNING: Unmatched cancel notification for request id 3316
2026.05.20 08:19:39 INFO  no build target found for C:\Users\user\OneDrive\Desktop\obbiydaalt\LoginGUI.java. Using fallback presentation compiler.
2026.05.20 08:19:39 INFO  no build target found for C:\Users\user\OneDrive\Desktop\obbiydaalt\LoginGUI.java. Using fallback presentation compiler.
2026.05.20 08:19:39 INFO  no build target found for C:\Users\user\OneDrive\Desktop\obbiydaalt\LoginGUI.java. Using fallback presentation compiler.
May 20, 2026 8:19:39 AM org.eclipse.lsp4j.jsonrpc.RemoteEndpoint handleCancellation
WARNING: Unmatched cancel notification for request id 3314
2026.05.20 08:19:39 INFO  no build target found for C:\Users\user\OneDrive\Desktop\obbiydaalt\LoginGUI.java. Using fallback presentation compiler.
2026.05.20 08:19:39 WARN  Running javac-semanticdb failed for file:///C:/Users/user/OneDrive/Desktop/obbiydaalt/LoginGUI.java. Output:

May 20, 2026 8:19:39 AM org.eclipse.lsp4j.jsonrpc.RemoteEndpoint handleCancellation
WARNING: Unmatched cancel notification for request id 3322
May 20, 2026 8:19:39 AM org.eclipse.lsp4j.jsonrpc.RemoteEndpoint handleCancellation
WARNING: Unmatched cancel notification for request id 3321
2026.05.20 08:19:39 INFO  no build target found for C:\Users\user\OneDrive\Desktop\obbiydaalt\LoginGUI.java. Using fallback presentation compiler.
2026.05.20 08:19:39 INFO  no build target found for C:\Users\user\OneDrive\Desktop\obbiydaalt\LoginGUI.java. Using fallback presentation compiler.
2026.05.20 08:19:39 WARN  Running javac-semanticdb failed for file:///C:/Users/user/OneDrive/Desktop/obbiydaalt/LoginGUI.java. Output:

2026.05.20 08:19:39 WARN  Running javac-semanticdb failed for file:///C:/Users/user/OneDrive/Desktop/obbiydaalt/LoginGUI.java. Output:

2026.05.20 08:19:39 INFO  no build target found for C:\Users\user\OneDrive\Desktop\obbiydaalt\LoginGUI.java. Using fallback presentation compiler.
2026.05.20 08:19:39 INFO  no build target found for C:\Users\user\OneDrive\Desktop\obbiydaalt\LoginGUI.java. Using fallback presentation compiler.
2026.05.20 08:19:40 INFO  no build target found for C:\Users\user\OneDrive\Desktop\obbiydaalt\LoginGUI.java. Using fallback presentation compiler.
2026.05.20 08:19:40 WARN  no build target for: C:\Users\user\OneDrive\Desktop\obbiydaalt\LoginGUI.java
2026.05.20 08:19:40 INFO  no build target found for C:\Users\user\OneDrive\Desktop\obbiydaalt\LoginGUI.java. Using fallback presentation compiler.
2026.05.20 08:19:41 INFO  no build target found for C:\Users\user\OneDrive\Desktop\obbiydaalt\LoginGUI.java. Using fallback presentation compiler.
2026.05.20 08:19:41 INFO  no build target found for C:\Users\user\OneDrive\Desktop\obbiydaalt\LoginGUI.java. Using fallback presentation compiler.
2026.05.20 08:19:41 INFO  no build target found for C:\Users\user\OneDrive\Desktop\obbiydaalt\LoginGUI.java. Using fallback presentation compiler.
2026.05.20 08:19:41 INFO  no build target found for C:\Users\user\OneDrive\Desktop\obbiydaalt\LoginGUI.java. Using fallback presentation compiler.
2026.05.20 08:19:41 WARN  Running javac-semanticdb failed for file:///C:/Users/user/OneDrive/Desktop/obbiydaalt/LoginGUI.java. Output:

2026.05.20 08:19:41 INFO  no build target found for C:\Users\user\OneDrive\Desktop\obbiydaalt\LoginGUI.java. Using fallback presentation compiler.
2026.05.20 08:19:41 INFO  no build target found for C:\Users\user\OneDrive\Desktop\obbiydaalt\LoginGUI.java. Using fallback presentation compiler.
2026.05.20 08:19:42 INFO  no build target found for C:\Users\user\OneDrive\Desktop\obbiydaalt\LoginGUI.java. Using fallback presentation compiler.
2026.05.20 08:19:42 INFO  no build target found for C:\Users\user\OneDrive\Desktop\obbiydaalt\LoginGUI.java. Using fallback presentation compiler.
May 20, 2026 8:19:42 AM org.eclipse.lsp4j.jsonrpc.RemoteEndpoint handleCancellation
WARNING: Unmatched cancel notification for request id 3346
2026.05.20 08:19:42 INFO  no build target found for C:\Users\user\OneDrive\Desktop\obbiydaalt\LoginGUI.java. Using fallback presentation compiler.
2026.05.20 08:19:42 INFO  no build target found for C:\Users\user\OneDrive\Desktop\obbiydaalt\LoginGUI.java. Using fallback presentation compiler.
2026.05.20 08:19:42 WARN  Running javac-semanticdb failed for file:///C:/Users/user/OneDrive/Desktop/obbiydaalt/LoginGUI.java. Output:

May 20, 2026 8:19:42 AM org.eclipse.lsp4j.jsonrpc.RemoteEndpoint handleCancellation
WARNING: Unmatched cancel notification for request id 3345
2026.05.20 08:19:42 WARN  no build target for: C:\Users\user\OneDrive\Desktop\obbiydaalt\LoginGUI.java
2026.05.20 08:19:42 INFO  no build target found for C:\Users\user\OneDrive\Desktop\obbiydaalt\LoginGUI.java. Using fallback presentation compiler.
2026.05.20 08:19:42 INFO  no build target found for C:\Users\user\OneDrive\Desktop\obbiydaalt\LoginGUI.java. Using fallback presentation compiler.
2026.05.20 08:19:42 INFO  no build target found for C:\Users\user\OneDrive\Desktop\obbiydaalt\LoginGUI.java. Using fallback presentation compiler.
2026.05.20 08:19:43 INFO  no build target found for C:\Users\user\OneDrive\Desktop\obbiydaalt\LoginGUI.java. Using fallback presentation compiler.
2026.05.20 08:19:43 INFO  no build target found for C:\Users\user\OneDrive\Desktop\obbiydaalt\LoginGUI.java. Using fallback presentation compiler.
2026.05.20 08:19:43 INFO  no build target found for C:\Users\user\OneDrive\Desktop\obbiydaalt\LoginGUI.java. Using fallback presentation compiler.
2026.05.20 08:19:43 INFO  no build target found for C:\Users\user\OneDrive\Desktop\obbiydaalt\LoginGUI.java. Using fallback presentation compiler.
2026.05.20 08:19:43 WARN  Running javac-semanticdb failed for file:///C:/Users/user/OneDrive/Desktop/obbiydaalt/LoginGUI.java. Output:

2026.05.20 08:19:43 INFO  no build target found for C:\Users\user\OneDrive\Desktop\obbiydaalt\LoginGUI.java. Using fallback presentation compiler.
2026.05.20 08:19:43 INFO  no build target found for C:\Users\user\OneDrive\Desktop\obbiydaalt\LoginGUI.java. Using fallback presentation compiler.
2026.05.20 08:19:44 INFO  no build target found for C:\Users\user\OneDrive\Desktop\obbiydaalt\LoginGUI.java. Using fallback presentation compiler.
2026.05.20 08:19:43 INFO  no build target found for C:\Users\user\OneDrive\Desktop\obbiydaalt\LoginGUI.java. Using fallback presentation compiler.
2026.05.20 08:19:44 INFO  no build target found for C:\Users\user\OneDrive\Desktop\obbiydaalt\LoginGUI.java. Using fallback presentation compiler.
2026.05.20 08:19:44 INFO  no build target found for C:\Users\user\OneDrive\Desktop\obbiydaalt\LoginGUI.java. Using fallback presentation compiler.
2026.05.20 08:19:44 WARN  Running javac-semanticdb failed for file:///C:/Users/user/OneDrive/Desktop/obbiydaalt/LoginGUI.java. Output:

2026.05.20 08:19:44 INFO  no build target found for C:\Users\user\OneDrive\Desktop\obbiydaalt\LoginGUI.java. Using fallback presentation compiler.
2026.05.20 08:19:44 INFO  no build target found for C:\Users\user\OneDrive\Desktop\obbiydaalt\LoginGUI.java. Using fallback presentation compiler.
2026.05.20 08:19:44 INFO  no build target found for C:\Users\user\OneDrive\Desktop\obbiydaalt\LoginGUI.java. Using fallback presentation compiler.
2026.05.20 08:19:44 INFO  no build target found for C:\Users\user\OneDrive\Desktop\obbiydaalt\LoginGUI.java. Using fallback presentation compiler.
2026.05.20 08:19:44 WARN  Running javac-semanticdb failed for file:///C:/Users/user/OneDrive/Desktop/obbiydaalt/LoginGUI.java. Output:

2026.05.20 08:19:45 INFO  no build target found for C:\Users\user\OneDrive\Desktop\obbiydaalt\LoginGUI.java. Using fallback presentation compiler.
2026.05.20 08:19:45 INFO  no build target found for C:\Users\user\OneDrive\Desktop\obbiydaalt\LoginGUI.java. Using fallback presentation compiler.
2026.05.20 08:19:45 INFO  no build target found for C:\Users\user\OneDrive\Desktop\obbiydaalt\LoginGUI.java. Using fallback presentation compiler.
2026.05.20 08:19:45 INFO  no build target found for C:\Users\user\OneDrive\Desktop\obbiydaalt\LoginGUI.java. Using fallback presentation compiler.
2026.05.20 08:19:46 INFO  no build target found for C:\Users\user\OneDrive\Desktop\obbiydaalt\LoginGUI.java. Using fallback presentation compiler.
May 20, 2026 8:19:46 AM org.eclipse.lsp4j.jsonrpc.RemoteEndpoint handleCancellation
WARNING: Unmatched cancel notification for request id 3383
May 20, 2026 8:19:46 AM org.eclipse.lsp4j.jsonrpc.RemoteEndpoint handleCancellation
WARNING: Unmatched cancel notification for request id 3381
2026.05.20 08:19:45 INFO  no build target found for C:\Users\user\OneDrive\Desktop\obbiydaalt\LoginGUI.java. Using fallback presentation compiler.
May 20, 2026 8:19:46 AM org.eclipse.lsp4j.jsonrpc.RemoteEndpoint handleCancellation
WARNING: Unmatched cancel notification for request id 3387
2026.05.20 08:19:45 INFO  no build target found for C:\Users\user\OneDrive\Desktop\obbiydaalt\LoginGUI.java. Using fallback presentation compiler.
2026.05.20 08:19:46 WARN  Running javac-semanticdb failed for file:///C:/Users/user/OneDrive/Desktop/obbiydaalt/LoginGUI.java. Output:

May 20, 2026 8:19:46 AM org.eclipse.lsp4j.jsonrpc.RemoteEndpoint handleCancellation
WARNING: Unmatched cancel notification for request id 3389
2026.05.20 08:19:46 INFO  no build target found for C:\Users\user\OneDrive\Desktop\obbiydaalt\LoginGUI.java. Using fallback presentation compiler.
2026.05.20 08:19:46 WARN  Running javac-semanticdb failed for file:///C:/Users/user/OneDrive/Desktop/obbiydaalt/LoginGUI.java. Output:

2026.05.20 08:19:46 INFO  no build target found for C:\Users\user\OneDrive\Desktop\obbiydaalt\LoginGUI.java. Using fallback presentation compiler.
2026.05.20 08:19:46 INFO  no build target found for C:\Users\user\OneDrive\Desktop\obbiydaalt\LoginGUI.java. Using fallback presentation compiler.
2026.05.20 08:19:46 INFO  no build target found for C:\Users\user\OneDrive\Desktop\obbiydaalt\LoginGUI.java. Using fallback presentation compiler.
2026.05.20 08:19:46 INFO  no build target found for C:\Users\user\OneDrive\Desktop\obbiydaalt\LoginGUI.java. Using fallback presentation compiler.
2026.05.20 08:19:46 INFO  no build target found for C:\Users\user\OneDrive\Desktop\obbiydaalt\LoginGUI.java. Using fallback presentation compiler.
2026.05.20 08:19:47 INFO  no build target found for C:\Users\user\OneDrive\Desktop\obbiydaalt\LoginGUI.java. Using fallback presentation compiler.
2026.05.20 08:19:46 INFO  no build target found for C:\Users\user\OneDrive\Desktop\obbiydaalt\LoginGUI.java. Using fallback presentation compiler.
2026.05.20 08:19:47 WARN  Running javac-semanticdb failed for file:///C:/Users/user/OneDrive/Desktop/obbiydaalt/LoginGUI.java. Output:

2026.05.20 08:19:48 INFO  no build target found for C:\Users\user\OneDrive\Desktop\obbiydaalt\LoginGUI.java. Using fallback presentation compiler.
2026.05.20 08:19:48 WARN  no build target for: C:\Users\user\OneDrive\Desktop\obbiydaalt\LoginGUI.java
2026.05.20 08:19:48 INFO  no build target found for C:\Users\user\OneDrive\Desktop\obbiydaalt\LoginGUI.java. Using fallback presentation compiler.
2026.05.20 08:19:49 INFO  no build target found for C:\Users\user\OneDrive\Desktop\obbiydaalt\LoginGUI.java. Using fallback presentation compiler.
2026.05.20 08:19:50 INFO  no build target found for C:\Users\user\OneDrive\Desktop\obbiydaalt\LoginGUI.java. Using fallback presentation compiler.
2026.05.20 08:19:50 INFO  no build target found for C:\Users\user\OneDrive\Desktop\obbiydaalt\LoginGUI.java. Using fallback presentation compiler.
2026.05.20 08:19:50 INFO  no build target found for C:\Users\user\OneDrive\Desktop\obbiydaalt\LoginGUI.java. Using fallback presentation compiler.
2026.05.20 08:19:53 INFO  no build target found for C:\Users\user\OneDrive\Desktop\obbiydaalt\LoginGUI.java. Using fallback presentation compiler.
2026.05.20 08:19:59 INFO  no build target found for C:\Users\user\OneDrive\Desktop\obbiydaalt\LoginGUI.java. Using fallback presentation compiler.
2026.05.20 08:19:59 INFO  no build target found for C:\Users\user\OneDrive\Desktop\obbiydaalt\LoginGUI.java. Using fallback presentation compiler.
2026.05.20 08:19:59 INFO  no build target found for C:\Users\user\OneDrive\Desktop\obbiydaalt\LoginGUI.java. Using fallback presentation compiler.
2026.05.20 08:20:00 INFO  no build target found for C:\Users\user\OneDrive\Desktop\obbiydaalt\LoginGUI.java. Using fallback presentation compiler.
2026.05.20 08:20:12 INFO  no build target found for C:\Users\user\OneDrive\Desktop\obbiydaalt\LoginGUI.java. Using fallback presentation compiler.
2026.05.20 08:20:12 INFO  no build target found for C:\Users\user\OneDrive\Desktop\obbiydaalt\LoginGUI.java. Using fallback presentation compiler.
2026.05.20 08:20:12 INFO  no build target found for C:\Users\user\OneDrive\Desktop\obbiydaalt\LoginGUI.java. Using fallback presentation compiler.
2026.05.20 08:20:13 INFO  no build target found for C:\Users\user\OneDrive\Desktop\obbiydaalt\LoginGUI.java. Using fallback presentation compiler.
2026.05.20 08:20:13 INFO  no build target found for C:\Users\user\OneDrive\Desktop\obbiydaalt\LoginGUI.java. Using fallback presentation compiler.
2026.05.20 08:20:13 INFO  no build target found for C:\Users\user\OneDrive\Desktop\obbiydaalt\LoginGUI.java. Using fallback presentation compiler.
2026.05.20 08:20:15 INFO  no build target found for C:\Users\user\OneDrive\Desktop\obbiydaalt\LoginGUI.java. Using fallback presentation compiler.
2026.05.20 08:20:15 INFO  no build target found for C:\Users\user\OneDrive\Desktop\obbiydaalt\LoginGUI.java. Using fallback presentation compiler.
2026.05.20 08:20:15 INFO  no build target found for C:\Users\user\OneDrive\Desktop\obbiydaalt\LoginGUI.java. Using fallback presentation compiler.
2026.05.20 08:20:15 INFO  no build target found for C:\Users\user\OneDrive\Desktop\obbiydaalt\LoginGUI.java. Using fallback presentation compiler.
2026.05.20 08:20:15 INFO  no build target found for C:\Users\user\OneDrive\Desktop\obbiydaalt\LoginGUI.java. Using fallback presentation compiler.
2026.05.20 08:20:15 INFO  no build target found for C:\Users\user\OneDrive\Desktop\obbiydaalt\LoginGUI.java. Using fallback presentation compiler.
2026.05.20 08:20:16 INFO  no build target found for C:\Users\user\OneDrive\Desktop\obbiydaalt\LoginGUI.java. Using fallback presentation compiler.
2026.05.20 08:20:16 INFO  no build target found for C:\Users\user\OneDrive\Desktop\obbiydaalt\LoginGUI.java. Using fallback presentation compiler.
2026.05.20 08:20:16 INFO  no build target found for C:\Users\user\OneDrive\Desktop\obbiydaalt\LoginGUI.java. Using fallback presentation compiler.
2026.05.20 08:20:16 INFO  no build target found for C:\Users\user\OneDrive\Desktop\obbiydaalt\LoginGUI.java. Using fallback presentation compiler.
2026.05.20 08:20:16 INFO  no build target found for C:\Users\user\OneDrive\Desktop\obbiydaalt\LoginGUI.java. Using fallback presentation compiler.
2026.05.20 08:20:16 INFO  no build target found for C:\Users\user\OneDrive\Desktop\obbiydaalt\LoginGUI.java. Using fallback presentation compiler.
2026.05.20 08:20:16 INFO  no build target found for C:\Users\user\OneDrive\Desktop\obbiydaalt\LoginGUI.java. Using fallback presentation compiler.
2026.05.20 08:20:16 INFO  no build target found for C:\Users\user\OneDrive\Desktop\obbiydaalt\LoginGUI.java. Using fallback presentation compiler.
2026.05.20 08:20:17 WARN  Running javac-semanticdb failed for file:///C:/Users/user/OneDrive/Desktop/obbiydaalt/LoginGUI.java. Output:

2026.05.20 08:20:17 INFO  no build target found for C:\Users\user\OneDrive\Desktop\obbiydaalt\LoginGUI.java. Using fallback presentation compiler.
2026.05.20 08:20:17 INFO  no build target found for C:\Users\user\OneDrive\Desktop\obbiydaalt\LoginGUI.java. Using fallback presentation compiler.
2026.05.20 08:20:17 INFO  no build target found for C:\Users\user\OneDrive\Desktop\obbiydaalt\LoginGUI.java. Using fallback presentation compiler.
May 20, 2026 8:20:18 AM org.eclipse.lsp4j.jsonrpc.RemoteEndpoint handleCancellation
WARNING: Unmatched cancel notification for request id 3442
2026.05.20 08:20:18 INFO  no build target found for C:\Users\user\OneDrive\Desktop\obbiydaalt\LoginGUI.java. Using fallback presentation compiler.
2026.05.20 08:20:18 INFO  no build target found for C:\Users\user\OneDrive\Desktop\obbiydaalt\LoginGUI.java. Using fallback presentation compiler.
2026.05.20 08:20:18 INFO  no build target found for C:\Users\user\OneDrive\Desktop\obbiydaalt\LoginGUI.java. Using fallback presentation compiler.
May 20, 2026 8:20:18 AM org.eclipse.lsp4j.jsonrpc.RemoteEndpoint handleCancellation
WARNING: Unmatched cancel notification for request id 3446
May 20, 2026 8:20:18 AM org.eclipse.lsp4j.jsonrpc.RemoteEndpoint handleCancellation
WARNING: Unmatched cancel notification for request id 3445
2026.05.20 08:20:18 INFO  no build target found for C:\Users\user\OneDrive\Desktop\obbiydaalt\LoginGUI.java. Using fallback presentation compiler.
2026.05.20 08:20:18 INFO  no build target found for C:\Users\user\OneDrive\Desktop\obbiydaalt\LoginGUI.java. Using fallback presentation compiler.
May 20, 2026 8:20:18 AM org.eclipse.lsp4j.jsonrpc.RemoteEndpoint handleCancellation
WARNING: Unmatched cancel notification for request id 3441
2026.05.20 08:20:18 INFO  no build target found for C:\Users\user\OneDrive\Desktop\obbiydaalt\LoginGUI.java. Using fallback presentation compiler.
2026.05.20 08:20:18 WARN  Running javac-semanticdb failed for file:///C:/Users/user/OneDrive/Desktop/obbiydaalt/LoginGUI.java. Output:

2026.05.20 08:20:18 INFO  no build target found for C:\Users\user\OneDrive\Desktop\obbiydaalt\LoginGUI.java. Using fallback presentation compiler.
2026.05.20 08:20:18 INFO  no build target found for C:\Users\user\OneDrive\Desktop\obbiydaalt\LoginGUI.java. Using fallback presentation compiler.
2026.05.20 08:20:18 WARN  Running javac-semanticdb failed for file:///C:/Users/user/OneDrive/Desktop/obbiydaalt/LoginGUI.java. Output:

2026.05.20 08:20:18 INFO  no build target found for C:\Users\user\OneDrive\Desktop\obbiydaalt\LoginGUI.java. Using fallback presentation compiler.
2026.05.20 08:20:18 INFO  no build target found for C:\Users\user\OneDrive\Desktop\obbiydaalt\LoginGUI.java. Using fallback presentation compiler.
2026.05.20 08:20:19 INFO  no build target found for C:\Users\user\OneDrive\Desktop\obbiydaalt\LoginGUI.java. Using fallback presentation compiler.
2026.05.20 08:20:19 INFO  no build target found for C:\Users\user\OneDrive\Desktop\obbiydaalt\LoginGUI.java. Using fallback presentation compiler.
May 20, 2026 8:20:19 AM org.eclipse.lsp4j.jsonrpc.RemoteEndpoint handleCancellation
WARNING: Unmatched cancel notification for request id 3458
2026.05.20 08:20:19 INFO  no build target found for C:\Users\user\OneDrive\Desktop\obbiydaalt\LoginGUI.java. Using fallback presentation compiler.
2026.05.20 08:20:19 INFO  no build target found for C:\Users\user\OneDrive\Desktop\obbiydaalt\LoginGUI.java. Using fallback presentation compiler.
May 20, 2026 8:20:19 AM org.eclipse.lsp4j.jsonrpc.RemoteEndpoint handleCancellation
WARNING: Unmatched cancel notification for request id 3462
2026.05.20 08:20:19 INFO  no build target found for C:\Users\user\OneDrive\Desktop\obbiydaalt\LoginGUI.java. Using fallback presentation compiler.
May 20, 2026 8:20:19 AM org.eclipse.lsp4j.jsonrpc.RemoteEndpoint handleCancellation
WARNING: Unmatched cancel notification for request id 3466
2026.05.20 08:20:19 INFO  no build target found for C:\Users\user\OneDrive\Desktop\obbiydaalt\LoginGUI.java. Using fallback presentation compiler.
2026.05.20 08:20:19 WARN  Running javac-semanticdb failed for file:///C:/Users/user/OneDrive/Desktop/obbiydaalt/LoginGUI.java. Output:

2026.05.20 08:20:20 WARN  no build target for: C:\Users\user\OneDrive\Desktop\obbiydaalt\LoginGUI.java
2026.05.20 08:20:20 INFO  no build target found for C:\Users\user\OneDrive\Desktop\obbiydaalt\LoginGUI.java. Using fallback presentation compiler.
2026.05.20 08:20:21 INFO  no build target found for C:\Users\user\OneDrive\Desktop\obbiydaalt\LoginGUI.java. Using fallback presentation compiler.
2026.05.20 08:20:21 INFO  no build target found for C:\Users\user\OneDrive\Desktop\obbiydaalt\LoginGUI.java. Using fallback presentation compiler.
2026.05.20 08:20:22 INFO  no build target found for C:\Users\user\OneDrive\Desktop\obbiydaalt\LoginGUI.java. Using fallback presentation compiler.
2026.05.20 08:20:23 INFO  no build target found for C:\Users\user\OneDrive\Desktop\obbiydaalt\LoginGUI.java. Using fallback presentation compiler.
2026.05.20 08:20:23 INFO  no build target found for C:\Users\user\OneDrive\Desktop\obbiydaalt\LoginGUI.java. Using fallback presentation compiler.
2026.05.20 08:20:23 INFO  no build target found for C:\Users\user\OneDrive\Desktop\obbiydaalt\LoginGUI.java. Using fallback presentation compiler.
2026.05.20 08:20:23 WARN  Running javac-semanticdb failed for file:///C:/Users/user/OneDrive/Desktop/obbiydaalt/LoginGUI.java. Output:

2026.05.20 08:20:23 WARN  no build target for: C:\Users\user\OneDrive\Desktop\obbiydaalt\LoginGUI.java
2026.05.20 08:20:24 INFO  no build target found for C:\Users\user\OneDrive\Desktop\obbiydaalt\LoginGUI.java. Using fallback presentation compiler.
2026.05.20 08:20:25 INFO  no build target found for C:\Users\user\OneDrive\Desktop\obbiydaalt\LoginGUI.java. Using fallback presentation compiler.
2026.05.20 08:20:25 INFO  no build target found for C:\Users\user\OneDrive\Desktop\obbiydaalt\LoginGUI.java. Using fallback presentation compiler.
2026.05.20 08:20:27 INFO  no build target found for C:\Users\user\OneDrive\Desktop\obbiydaalt\LoginGUI.java. Using fallback presentation compiler.
2026.05.20 08:20:27 INFO  no build target found for C:\Users\user\OneDrive\Desktop\obbiydaalt\LoginGUI.java. Using fallback presentation compiler.
May 20, 2026 8:20:27 AM org.eclipse.lsp4j.jsonrpc.RemoteEndpoint handleCancellation
WARNING: Unmatched cancel notification for request id 3486
2026.05.20 08:20:27 INFO  no build target found for C:\Users\user\OneDrive\Desktop\obbiydaalt\LoginGUI.java. Using fallback presentation compiler.
2026.05.20 08:20:27 WARN  Running javac-semanticdb failed for file:///C:/Users/user/OneDrive/Desktop/obbiydaalt/LoginGUI.java. Output:

2026.05.20 08:20:27 INFO  no build target found for C:\Users\user\OneDrive\Desktop\obbiydaalt\LoginGUI.java. Using fallback presentation compiler.
May 20, 2026 8:20:27 AM org.eclipse.lsp4j.jsonrpc.RemoteEndpoint handleCancellation
WARNING: Unmatched cancel notification for request id 3485
2026.05.20 08:20:27 WARN  no build target for: C:\Users\user\OneDrive\Desktop\obbiydaalt\LoginGUI.java
May 20, 2026 8:20:27 AM org.eclipse.lsp4j.jsonrpc.RemoteEndpoint handleCancellation
WARNING: Unmatched cancel notification for request id 3492
May 20, 2026 8:20:27 AM org.eclipse.lsp4j.jsonrpc.RemoteEndpoint handleCancellation
WARNING: Unmatched cancel notification for request id 3484
May 20, 2026 8:20:27 AM org.eclipse.lsp4j.jsonrpc.RemoteEndpoint handleCancellation
WARNING: Unmatched cancel notification for request id 3490
May 20, 2026 8:20:27 AM org.eclipse.lsp4j.jsonrpc.RemoteEndpoint handleCancellation
WARNING: Unmatched cancel notification for request id 3493
2026.05.20 08:20:27 INFO  no build target found for C:\Users\user\OneDrive\Desktop\obbiydaalt\LoginGUI.java. Using fallback presentation compiler.
May 20, 2026 8:20:27 AM org.eclipse.lsp4j.jsonrpc.RemoteEndpoint handleCancellation
WARNING: Unmatched cancel notification for request id 3487
2026.05.20 08:20:27 INFO  no build target found for C:\Users\user\OneDrive\Desktop\obbiydaalt\LoginGUI.java. Using fallback presentation compiler.
2026.05.20 08:20:27 WARN  Running javac-semanticdb failed for file:///C:/Users/user/OneDrive/Desktop/obbiydaalt/LoginGUI.java. Output:

2026.05.20 08:20:27 INFO  no build target found for C:\Users\user\OneDrive\Desktop\obbiydaalt\LoginGUI.java. Using fallback presentation compiler.
2026.05.20 08:20:27 INFO  no build target found for C:\Users\user\OneDrive\Desktop\obbiydaalt\LoginGUI.java. Using fallback presentation compiler.
2026.05.20 08:20:28 INFO  no build target found for C:\Users\user\OneDrive\Desktop\obbiydaalt\LoginGUI.java. Using fallback presentation compiler.
May 20, 2026 8:20:28 AM org.eclipse.lsp4j.jsonrpc.RemoteEndpoint handleCancellation
WARNING: Unmatched cancel notification for request id 3503
2026.05.20 08:20:28 INFO  no build target found for C:\Users\user\OneDrive\Desktop\obbiydaalt\LoginGUI.java. Using fallback presentation compiler.
2026.05.20 08:20:28 INFO  no build target found for C:\Users\user\OneDrive\Desktop\obbiydaalt\LoginGUI.java. Using fallback presentation compiler.
2026.05.20 08:20:28 WARN  Running javac-semanticdb failed for file:///C:/Users/user/OneDrive/Desktop/obbiydaalt/LoginGUI.java. Output:

2026.05.20 08:20:28 INFO  no build target found for C:\Users\user\OneDrive\Desktop\obbiydaalt\LoginGUI.java. Using fallback presentation compiler.
May 20, 2026 8:20:28 AM org.eclipse.lsp4j.jsonrpc.RemoteEndpoint handleCancellation
WARNING: Unmatched cancel notification for request id 3505
May 20, 2026 8:20:28 AM org.eclipse.lsp4j.jsonrpc.RemoteEndpoint handleCancellation
WARNING: Unmatched cancel notification for request id 3502
2026.05.20 08:20:28 INFO  no build target found for C:\Users\user\OneDrive\Desktop\obbiydaalt\LoginGUI.java. Using fallback presentation compiler.
2026.05.20 08:20:28 INFO  no build target found for C:\Users\user\OneDrive\Desktop\obbiydaalt\LoginGUI.java. Using fallback presentation compiler.
May 20, 2026 8:20:28 AM org.eclipse.lsp4j.jsonrpc.RemoteEndpoint handleCancellation
WARNING: Unmatched cancel notification for request id 3504
2026.05.20 08:20:28 INFO  no build target found for C:\Users\user\OneDrive\Desktop\obbiydaalt\LoginGUI.java. Using fallback presentation compiler.
2026.05.20 08:20:28 WARN  Running javac-semanticdb failed for file:///C:/Users/user/OneDrive/Desktop/obbiydaalt/LoginGUI.java. Output:

2026.05.20 08:20:28 INFO  no build target found for C:\Users\user\OneDrive\Desktop\obbiydaalt\LoginGUI.java. Using fallback presentation compiler.
2026.05.20 08:20:29 INFO  no build target found for C:\Users\user\OneDrive\Desktop\obbiydaalt\LoginGUI.java. Using fallback presentation compiler.
2026.05.20 08:20:29 WARN  Running javac-semanticdb failed for file:///C:/Users/user/OneDrive/Desktop/obbiydaalt/LoginGUI.java. Output:

2026.05.20 08:20:29 INFO  no build target found for C:\Users\user\OneDrive\Desktop\obbiydaalt\LoginGUI.java. Using fallback presentation compiler.
2026.05.20 08:20:29 INFO  no build target found for C:\Users\user\OneDrive\Desktop\obbiydaalt\LoginGUI.java. Using fallback presentation compiler.
2026.05.20 08:20:30 WARN  Running javac-semanticdb failed for file:///C:/Users/user/OneDrive/Desktop/obbiydaalt/LoginGUI.java. Output:

2026.05.20 08:20:30 INFO  no build target found for C:\Users\user\OneDrive\Desktop\obbiydaalt\LoginGUI.java. Using fallback presentation compiler.
2026.05.20 08:20:31 INFO  no build target found for C:\Users\user\OneDrive\Desktop\obbiydaalt\LoginGUI.java. Using fallback presentation compiler.
2026.05.20 08:20:31 INFO  no build target found for C:\Users\user\OneDrive\Desktop\obbiydaalt\LoginGUI.java. Using fallback presentation compiler.
2026.05.20 08:20:31 WARN  Running javac-semanticdb failed for file:///C:/Users/user/OneDrive/Desktop/obbiydaalt/LoginGUI.java. Output:

2026.05.20 08:20:31 INFO  no build target found for C:\Users\user\OneDrive\Desktop\obbiydaalt\LoginGUI.java. Using fallback presentation compiler.
2026.05.20 08:20:31 INFO  no build target found for C:\Users\user\OneDrive\Desktop\obbiydaalt\LoginGUI.java. Using fallback presentation compiler.
2026.05.20 08:20:31 INFO  no build target found for C:\Users\user\OneDrive\Desktop\obbiydaalt\LoginGUI.java. Using fallback presentation compiler.
2026.05.20 08:20:31 INFO  no build target found for C:\Users\user\OneDrive\Desktop\obbiydaalt\LoginGUI.java. Using fallback presentation compiler.
2026.05.20 08:20:31 INFO  no build target found for C:\Users\user\OneDrive\Desktop\obbiydaalt\LoginGUI.java. Using fallback presentation compiler.
2026.05.20 08:20:32 WARN  Running javac-semanticdb failed for file:///C:/Users/user/OneDrive/Desktop/obbiydaalt/LoginGUI.java. Output:

2026.05.20 08:20:32 INFO  no build target found for C:\Users\user\OneDrive\Desktop\obbiydaalt\LoginGUI.java. Using fallback presentation compiler.
2026.05.20 08:20:32 INFO  no build target found for C:\Users\user\OneDrive\Desktop\obbiydaalt\LoginGUI.java. Using fallback presentation compiler.
2026.05.20 08:20:32 INFO  no build target found for C:\Users\user\OneDrive\Desktop\obbiydaalt\LoginGUI.java. Using fallback presentation compiler.
2026.05.20 08:20:32 INFO  no build target found for C:\Users\user\OneDrive\Desktop\obbiydaalt\LoginGUI.java. Using fallback presentation compiler.
2026.05.20 08:20:32 WARN  Running javac-semanticdb failed for file:///C:/Users/user/OneDrive/Desktop/obbiydaalt/LoginGUI.java. Output:

2026.05.20 08:20:32 INFO  no build target found for C:\Users\user\OneDrive\Desktop\obbiydaalt\LoginGUI.java. Using fallback presentation compiler.
2026.05.20 08:20:32 INFO  no build target found for C:\Users\user\OneDrive\Desktop\obbiydaalt\LoginGUI.java. Using fallback presentation compiler.
2026.05.20 08:20:32 WARN  no build target for: C:\Users\user\OneDrive\Desktop\obbiydaalt\LoginGUI.java
2026.05.20 08:20:33 INFO  no build target found for C:\Users\user\OneDrive\Desktop\obbiydaalt\LoginGUI.java. Using fallback presentation compiler.
May 20, 2026 8:20:34 AM org.eclipse.lsp4j.jsonrpc.RemoteEndpoint handleCancellation
WARNING: Unmatched cancel notification for request id 3552
2026.05.20 08:20:34 INFO  no build target found for C:\Users\user\OneDrive\Desktop\obbiydaalt\LoginGUI.java. Using fallback presentation compiler.
2026.05.20 08:20:34 INFO  no build target found for C:\Users\user\OneDrive\Desktop\obbiydaalt\LoginGUI.java. Using fallback presentation compiler.
2026.05.20 08:20:34 INFO  no build target found for C:\Users\user\OneDrive\Desktop\obbiydaalt\LoginGUI.java. Using fallback presentation compiler.
2026.05.20 08:20:34 INFO  no build target found for C:\Users\user\OneDrive\Desktop\obbiydaalt\LoginGUI.java. Using fallback presentation compiler.
2026.05.20 08:20:34 WARN  Running javac-semanticdb failed for file:///C:/Users/user/OneDrive/Desktop/obbiydaalt/LoginGUI.java. Output:

2026.05.20 08:20:34 INFO  no build target found for C:\Users\user\OneDrive\Desktop\obbiydaalt\LoginGUI.java. Using fallback presentation compiler.
2026.05.20 08:20:34 INFO  no build target found for C:\Users\user\OneDrive\Desktop\obbiydaalt\LoginGUI.java. Using fallback presentation compiler.
2026.05.20 08:20:35 WARN  no build target for: C:\Users\user\OneDrive\Desktop\obbiydaalt\LoginGUI.java
2026.05.20 08:20:35 INFO  no build target found for C:\Users\user\OneDrive\Desktop\obbiydaalt\LoginGUI.java. Using fallback presentation compiler.
2026.05.20 08:20:36 INFO  no build target found for C:\Users\user\OneDrive\Desktop\obbiydaalt\LoginGUI.java. Using fallback presentation compiler.
2026.05.20 08:20:36 INFO  no build target found for C:\Users\user\OneDrive\Desktop\obbiydaalt\LoginGUI.java. Using fallback presentation compiler.
2026.05.20 08:20:36 INFO  no build target found for C:\Users\user\OneDrive\Desktop\obbiydaalt\LoginGUI.java. Using fallback presentation compiler.
2026.05.20 08:20:37 INFO  no build target found for C:\Users\user\OneDrive\Desktop\obbiydaalt\LoginGUI.java. Using fallback presentation compiler.
May 20, 2026 8:20:37 AM org.eclipse.lsp4j.jsonrpc.RemoteEndpoint handleCancellation
WARNING: Unmatched cancel notification for request id 3568
2026.05.20 08:20:37 INFO  no build target found for C:\Users\user\OneDrive\Desktop\obbiydaalt\LoginGUI.java. Using fallback presentation compiler.
May 20, 2026 8:20:37 AM org.eclipse.lsp4j.jsonrpc.RemoteEndpoint handleCancellation
WARNING: Unmatched cancel notification for request id 3570
2026.05.20 08:20:37 INFO  no build target found for C:\Users\user\OneDrive\Desktop\obbiydaalt\LoginGUI.java. Using fallback presentation compiler.
2026.05.20 08:20:37 INFO  no build target found for C:\Users\user\OneDrive\Desktop\obbiydaalt\LoginGUI.java. Using fallback presentation compiler.
2026.05.20 08:20:37 INFO  no build target found for C:\Users\user\OneDrive\Desktop\obbiydaalt\LoginGUI.java. Using fallback presentation compiler.
2026.05.20 08:20:37 INFO  no build target found for C:\Users\user\OneDrive\Desktop\obbiydaalt\LoginGUI.java. Using fallback presentation compiler.
2026.05.20 08:20:37 WARN  Running javac-semanticdb failed for file:///C:/Users/user/OneDrive/Desktop/obbiydaalt/LoginGUI.java. Output:

2026.05.20 08:20:37 INFO  no build target found for C:\Users\user\OneDrive\Desktop\obbiydaalt\LoginGUI.java. Using fallback presentation compiler.
2026.05.20 08:20:37 INFO  no build target found for C:\Users\user\OneDrive\Desktop\obbiydaalt\LoginGUI.java. Using fallback presentation compiler.
2026.05.20 08:20:37 INFO  no build target found for C:\Users\user\OneDrive\Desktop\obbiydaalt\LoginGUI.java. Using fallback presentation compiler.
2026.05.20 08:20:38 WARN  no build target for: C:\Users\user\OneDrive\Desktop\obbiydaalt\LoginGUI.java
2026.05.20 08:20:38 INFO  no build target found for C:\Users\user\OneDrive\Desktop\obbiydaalt\LoginGUI.java. Using fallback presentation compiler.
2026.05.20 08:20:37 INFO  no build target found for C:\Users\user\OneDrive\Desktop\obbiydaalt\LoginGUI.java. Using fallback presentation compiler.
2026.05.20 08:20:37 INFO  no build target found for C:\Users\user\OneDrive\Desktop\obbiydaalt\LoginGUI.java. Using fallback presentation compiler.
2026.05.20 08:20:38 WARN  Running javac-semanticdb failed for file:///C:/Users/user/OneDrive/Desktop/obbiydaalt/LoginGUI.java. Output:

2026.05.20 08:20:38 INFO  no build target found for C:\Users\user\OneDrive\Desktop\obbiydaalt\LoginGUI.java. Using fallback presentation compiler.
2026.05.20 08:20:38 INFO  no build target found for C:\Users\user\OneDrive\Desktop\obbiydaalt\LoginGUI.java. Using fallback presentation compiler.
2026.05.20 08:20:38 INFO  no build target found for C:\Users\user\OneDrive\Desktop\obbiydaalt\LoginGUI.java. Using fallback presentation compiler.
May 20, 2026 8:20:39 AM org.eclipse.lsp4j.jsonrpc.RemoteEndpoint handleCancellation
WARNING: Unmatched cancel notification for request id 3588
2026.05.20 08:20:38 INFO  no build target found for C:\Users\user\OneDrive\Desktop\obbiydaalt\LoginGUI.java. Using fallback presentation compiler.
2026.05.20 08:20:38 INFO  no build target found for C:\Users\user\OneDrive\Desktop\obbiydaalt\LoginGUI.java. Using fallback presentation compiler.
May 20, 2026 8:20:39 AM org.eclipse.lsp4j.jsonrpc.RemoteEndpoint handleCancellation
WARNING: Unmatched cancel notification for request id 3590
2026.05.20 08:20:38 INFO  no build target found for C:\Users\user\OneDrive\Desktop\obbiydaalt\LoginGUI.java. Using fallback presentation compiler.
2026.05.20 08:20:39 WARN  Running javac-semanticdb failed for file:///C:/Users/user/OneDrive/Desktop/obbiydaalt/LoginGUI.java. Output:

May 20, 2026 8:20:39 AM org.eclipse.lsp4j.jsonrpc.RemoteEndpoint handleCancellation
WARNING: Unmatched cancel notification for request id 3589
2026.05.20 08:20:39 WARN  no build target for: C:\Users\user\OneDrive\Desktop\obbiydaalt\LoginGUI.java
2026.05.20 08:20:39 INFO  no build target found for C:\Users\user\OneDrive\Desktop\obbiydaalt\LoginGUI.java. Using fallback presentation compiler.
2026.05.20 08:20:39 INFO  no build target found for C:\Users\user\OneDrive\Desktop\obbiydaalt\LoginGUI.java. Using fallback presentation compiler.
2026.05.20 08:20:39 INFO  no build target found for C:\Users\user\OneDrive\Desktop\obbiydaalt\LoginGUI.java. Using fallback presentation compiler.
2026.05.20 08:20:39 INFO  no build target found for C:\Users\user\OneDrive\Desktop\obbiydaalt\LoginGUI.java. Using fallback presentation compiler.
2026.05.20 08:20:41 INFO  no build target found for C:\Users\user\OneDrive\Desktop\obbiydaalt\LoginGUI.java. Using fallback presentation compiler.
2026.05.20 08:20:42 INFO  no build target found for C:\Users\user\OneDrive\Desktop\obbiydaalt\LoginGUI.java. Using fallback presentation compiler.
2026.05.20 08:20:42 INFO  no build target found for C:\Users\user\OneDrive\Desktop\obbiydaalt\LoginGUI.java. Using fallback presentation compiler.
2026.05.20 08:20:42 INFO  no build target found for C:\Users\user\OneDrive\Desktop\obbiydaalt\LoginGUI.java. Using fallback presentation compiler.
2026.05.20 08:20:43 INFO  no build target found for C:\Users\user\OneDrive\Desktop\obbiydaalt\LoginGUI.java. Using fallback presentation compiler.
2026.05.20 08:20:43 INFO  no build target found for C:\Users\user\OneDrive\Desktop\obbiydaalt\LoginGUI.java. Using fallback presentation compiler.
2026.05.20 08:20:43 WARN  Running javac-semanticdb failed for file:///C:/Users/user/OneDrive/Desktop/obbiydaalt/LoginGUI.java. Output:

2026.05.20 08:20:43 INFO  no build target found for C:\Users\user\OneDrive\Desktop\obbiydaalt\LoginGUI.java. Using fallback presentation compiler.
2026.05.20 08:20:44 INFO  no build target found for C:\Users\user\OneDrive\Desktop\obbiydaalt\LoginGUI.java. Using fallback presentation compiler.
2026.05.20 08:20:43 INFO  no build target found for C:\Users\user\OneDrive\Desktop\obbiydaalt\LoginGUI.java. Using fallback presentation compiler.
2026.05.20 08:20:44 WARN  Running javac-semanticdb failed for file:///C:/Users/user/OneDrive/Desktop/obbiydaalt/LoginGUI.java. Output:

2026.05.20 08:20:43 INFO  no build target found for C:\Users\user\OneDrive\Desktop\obbiydaalt\LoginGUI.java. Using fallback presentation compiler.
2026.05.20 08:20:43 INFO  no build target found for C:\Users\user\OneDrive\Desktop\obbiydaalt\LoginGUI.java. Using fallback presentation compiler.
2026.05.20 08:20:43 INFO  no build target found for C:\Users\user\OneDrive\Desktop\obbiydaalt\LoginGUI.java. Using fallback presentation compiler.
2026.05.20 08:20:44 WARN  Running javac-semanticdb failed for file:///C:/Users/user/OneDrive/Desktop/obbiydaalt/LoginGUI.java. Output:

2026.05.20 08:20:45 INFO  no build target found for C:\Users\user\OneDrive\Desktop\obbiydaalt\LoginGUI.java. Using fallback presentation compiler.
2026.05.20 08:20:45 INFO  no build target found for C:\Users\user\OneDrive\Desktop\obbiydaalt\LoginGUI.java. Using fallback presentation compiler.
2026.05.20 08:20:45 INFO  no build target found for C:\Users\user\OneDrive\Desktop\obbiydaalt\LoginGUI.java. Using fallback presentation compiler.
2026.05.20 08:20:45 INFO  no build target found for C:\Users\user\OneDrive\Desktop\obbiydaalt\LoginGUI.java. Using fallback presentation compiler.
2026.05.20 08:20:45 INFO  no build target found for C:\Users\user\OneDrive\Desktop\obbiydaalt\LoginGUI.java. Using fallback presentation compiler.
2026.05.20 08:20:45 INFO  no build target found for C:\Users\user\OneDrive\Desktop\obbiydaalt\LoginGUI.java. Using fallback presentation compiler.
2026.05.20 08:20:45 INFO  no build target found for C:\Users\user\OneDrive\Desktop\obbiydaalt\LoginGUI.java. Using fallback presentation compiler.
2026.05.20 08:20:46 WARN  Running javac-semanticdb failed for file:///C:/Users/user/OneDrive/Desktop/obbiydaalt/LoginGUI.java. Output:

2026.05.20 08:20:46 INFO  no build target found for C:\Users\user\OneDrive\Desktop\obbiydaalt\LoginGUI.java. Using fallback presentation compiler.
2026.05.20 08:20:46 INFO  no build target found for C:\Users\user\OneDrive\Desktop\obbiydaalt\LoginGUI.java. Using fallback presentation compiler.
2026.05.20 08:20:46 WARN  no build target for: C:\Users\user\OneDrive\Desktop\obbiydaalt\LoginGUI.java
2026.05.20 08:20:46 WARN  Running javac-semanticdb failed for file:///C:/Users/user/OneDrive/Desktop/obbiydaalt/LoginGUI.java. Output:

2026.05.20 08:20:46 INFO  no build target found for C:\Users\user\OneDrive\Desktop\obbiydaalt\LoginGUI.java. Using fallback presentation compiler.
2026.05.20 08:20:46 INFO  no build target found for C:\Users\user\OneDrive\Desktop\obbiydaalt\LoginGUI.java. Using fallback presentation compiler.
2026.05.20 08:20:47 INFO  no build target found for C:\Users\user\OneDrive\Desktop\obbiydaalt\LoginGUI.java. Using fallback presentation compiler.
2026.05.20 08:20:47 INFO  no build target found for C:\Users\user\OneDrive\Desktop\obbiydaalt\LoginGUI.java. Using fallback presentation compiler.
2026.05.20 08:20:47 INFO  no build target found for C:\Users\user\OneDrive\Desktop\obbiydaalt\LoginGUI.java. Using fallback presentation compiler.
2026.05.20 08:20:47 INFO  no build target found for C:\Users\user\OneDrive\Desktop\obbiydaalt\LoginGUI.java. Using fallback presentation compiler.
2026.05.20 08:20:48 WARN  Running javac-semanticdb failed for file:///C:/Users/user/OneDrive/Desktop/obbiydaalt/LoginGUI.java. Output:

2026.05.20 08:20:47 INFO  no build target found for C:\Users\user\OneDrive\Desktop\obbiydaalt\LoginGUI.java. Using fallback presentation compiler.
2026.05.20 08:20:48 WARN  no build target for: C:\Users\user\OneDrive\Desktop\obbiydaalt\LoginGUI.java
2026.05.20 08:20:48 INFO  no build target found for C:\Users\user\OneDrive\Desktop\obbiydaalt\LoginGUI.java. Using fallback presentation compiler.
2026.05.20 08:20:49 INFO  no build target found for C:\Users\user\OneDrive\Desktop\obbiydaalt\LoginGUI.java. Using fallback presentation compiler.
2026.05.20 08:20:51 INFO  no build target found for C:\Users\user\OneDrive\Desktop\obbiydaalt\LoginGUI.java. Using fallback presentation compiler.
2026.05.20 08:20:51 INFO  no build target found for C:\Users\user\OneDrive\Desktop\obbiydaalt\LoginGUI.java. Using fallback presentation compiler.
2026.05.20 08:20:51 WARN  Running javac-semanticdb failed for file:///C:/Users/user/OneDrive/Desktop/obbiydaalt/LoginGUI.java. Output:

2026.05.20 08:20:51 INFO  no build target found for C:\Users\user\OneDrive\Desktop\obbiydaalt\LoginGUI.java. Using fallback presentation compiler.
2026.05.20 08:20:51 INFO  no build target found for C:\Users\user\OneDrive\Desktop\obbiydaalt\LoginGUI.java. Using fallback presentation compiler.
2026.05.20 08:20:52 WARN  no build target for: C:\Users\user\OneDrive\Desktop\obbiydaalt\LoginGUI.java
2026.05.20 08:20:51 INFO  no build target found for C:\Users\user\OneDrive\Desktop\obbiydaalt\LoginGUI.java. Using fallback presentation compiler.
2026.05.20 08:21:02 INFO  no build target found for C:\Users\user\OneDrive\Desktop\obbiydaalt\LoginGUI.java. Using fallback presentation compiler.
2026.05.20 08:21:03 INFO  no build target found for C:\Users\user\OneDrive\Desktop\obbiydaalt\LoginGUI.java. Using fallback presentation compiler.
2026.05.20 08:21:03 INFO  no build target found for C:\Users\user\OneDrive\Desktop\obbiydaalt\LoginGUI.java. Using fallback presentation compiler.
2026.05.20 08:21:04 INFO  no build target found for C:\Users\user\OneDrive\Desktop\obbiydaalt\LoginGUI.java. Using fallback presentation compiler.
2026.05.20 08:21:04 INFO  no build target found for C:\Users\user\OneDrive\Desktop\obbiydaalt\LoginGUI.java. Using fallback presentation compiler.
2026.05.20 08:21:05 WARN  no build target for: C:\Users\user\OneDrive\Desktop\obbiydaalt\LoginGUI.java
2026.05.20 08:21:05 INFO  no build target found for C:\Users\user\OneDrive\Desktop\obbiydaalt\LoginGUI.java. Using fallback presentation compiler.
2026.05.20 08:21:05 WARN  no build target for: C:\Users\user\OneDrive\Desktop\obbiydaalt\LoginGUI.java
2026.05.20 08:21:05 INFO  no build target found for C:\Users\user\OneDrive\Desktop\obbiydaalt\LoginGUI.java. Using fallback presentation compiler.
2026.05.20 08:22:29 INFO  no build target found for C:\Users\user\OneDrive\Desktop\obbiydaalt\LoginGUI.java. Using fallback presentation compiler.
2026.05.20 08:22:29 INFO  no build target found for C:\Users\user\OneDrive\Desktop\obbiydaalt\LoginGUI.java. Using fallback presentation compiler.
2026.05.20 08:22:30 INFO  no build target found for C:\Users\user\OneDrive\Desktop\obbiydaalt\LoginGUI.java. Using fallback presentation compiler.
2026.05.20 08:22:31 INFO  no build target found for C:\Users\user\OneDrive\Desktop\obbiydaalt\LoginGUI.java. Using fallback presentation compiler.
2026.05.20 08:22:34 INFO  no build target found for C:\Users\user\OneDrive\Desktop\obbiydaalt\LoginGUI.java. Using fallback presentation compiler.
2026.05.20 08:25:34 INFO  no build target found for C:\Users\user\OneDrive\Desktop\obbiydaalt\LoginGUI.java. Using fallback presentation compiler.
2026.05.20 08:25:34 INFO  no build target found for C:\Users\user\OneDrive\Desktop\obbiydaalt\LoginGUI.java. Using fallback presentation compiler.
2026.05.20 08:25:40 INFO  no build target found for C:\Users\user\OneDrive\Desktop\obbiydaalt\LoginGUI.java. Using fallback presentation compiler.
2026.05.20 08:25:43 INFO  no build target found for C:\Users\user\OneDrive\Desktop\obbiydaalt\LoginGUI.java. Using fallback presentation compiler.
2026.05.20 08:25:47 INFO  no build target found for C:\Users\user\OneDrive\Desktop\obbiydaalt\LoginGUI.java. Using fallback presentation compiler.
2026.05.20 08:25:47 INFO  no build target found for C:\Users\user\OneDrive\Desktop\obbiydaalt\LoginGUI.java. Using fallback presentation compiler.
2026.05.20 08:26:27 INFO  no build target found for C:\Users\user\OneDrive\Desktop\obbiydaalt\LoginGUI.java. Using fallback presentation compiler.
2026.05.20 08:26:28 INFO  no build target found for C:\Users\user\OneDrive\Desktop\obbiydaalt\LoginGUI.java. Using fallback presentation compiler.
2026.05.20 08:26:44 INFO  no build target found for C:\Users\user\OneDrive\Desktop\obbiydaalt\LoginGUI.java. Using fallback presentation compiler.
2026.05.20 08:28:00 INFO  no build target found for C:\Users\user\OneDrive\Desktop\obbiydaalt\ShopGUI.java. Using fallback presentation compiler.
2026.05.20 08:28:01 WARN  no build target for: C:\Users\user\OneDrive\Desktop\obbiydaalt\ShopGUI.java
2026.05.20 08:28:01 INFO  no build target found for C:\Users\user\OneDrive\Desktop\obbiydaalt\ShopGUI.java. Using fallback presentation compiler.
2026.05.20 08:28:02 INFO  no build target found for C:\Users\user\OneDrive\Desktop\obbiydaalt\ShopGUI.java. Using fallback presentation compiler.
2026.05.20 08:28:05 INFO  no build target found for C:\Users\user\OneDrive\Desktop\obbiydaalt\ShopGUI.java. Using fallback presentation compiler.
2026.05.20 08:28:07 INFO  no build target found for C:\Users\user\OneDrive\Desktop\obbiydaalt\ShopGUI.java. Using fallback presentation compiler.
2026.05.20 08:28:07 INFO  no build target found for C:\Users\user\OneDrive\Desktop\obbiydaalt\ShopGUI.java. Using fallback presentation compiler.
2026.05.20 08:28:07 INFO  no build target found for C:\Users\user\OneDrive\Desktop\obbiydaalt\ShopGUI.java. Using fallback presentation compiler.
2026.05.20 08:28:07 INFO  no build target found for C:\Users\user\OneDrive\Desktop\obbiydaalt\ShopGUI.java. Using fallback presentation compiler.
2026.05.20 08:28:07 WARN  no build target for: C:\Users\user\OneDrive\Desktop\obbiydaalt\ShopGUI.java
2026.05.20 08:28:07 INFO  no build target found for C:\Users\user\OneDrive\Desktop\obbiydaalt\ShopGUI.java. Using fallback presentation compiler.
2026.05.20 08:28:22 INFO  no build target found for C:\Users\user\OneDrive\Desktop\obbiydaalt\ShopGUI.java. Using fallback presentation compiler.
2026.05.20 08:28:22 INFO  no build target found for C:\Users\user\OneDrive\Desktop\obbiydaalt\ShopGUI.java. Using fallback presentation compiler.
2026.05.20 08:28:22 INFO  no build target found for C:\Users\user\OneDrive\Desktop\obbiydaalt\ShopGUI.java. Using fallback presentation compiler.
2026.05.20 08:28:23 INFO  no build target found for C:\Users\user\OneDrive\Desktop\obbiydaalt\ShopGUI.java. Using fallback presentation compiler.
2026.05.20 08:28:23 INFO  no build target found for C:\Users\user\OneDrive\Desktop\obbiydaalt\ShopGUI.java. Using fallback presentation compiler.
2026.05.20 08:28:24 INFO  no build target found for C:\Users\user\OneDrive\Desktop\obbiydaalt\ShopGUI.java. Using fallback presentation compiler.
2026.05.20 08:28:24 INFO  no build target found for C:\Users\user\OneDrive\Desktop\obbiydaalt\ShopGUI.java. Using fallback presentation compiler.
2026.05.20 08:28:24 INFO  no build target found for C:\Users\user\OneDrive\Desktop\obbiydaalt\ShopGUI.java. Using fallback presentation compiler.
2026.05.20 08:28:24 INFO  no build target found for C:\Users\user\OneDrive\Desktop\obbiydaalt\ShopGUI.java. Using fallback presentation compiler.
2026.05.20 08:28:24 INFO  no build target found for C:\Users\user\OneDrive\Desktop\obbiydaalt\ShopGUI.java. Using fallback presentation compiler.
2026.05.20 08:28:24 INFO  no build target found for C:\Users\user\OneDrive\Desktop\obbiydaalt\ShopGUI.java. Using fallback presentation compiler.
2026.05.20 08:28:25 WARN  no build target for: C:\Users\user\OneDrive\Desktop\obbiydaalt\ShopGUI.java
2026.05.20 08:28:25 INFO  no build target found for C:\Users\user\OneDrive\Desktop\obbiydaalt\ShopGUI.java. Using fallback presentation compiler.
2026.05.20 08:29:41 INFO  no build target found for C:\Users\user\OneDrive\Desktop\obbiydaalt\LoginGUI.java. Using fallback presentation compiler.
2026.05.20 08:29:41 WARN  no build target for: C:\Users\user\OneDrive\Desktop\obbiydaalt\LoginGUI.java
2026.05.20 08:29:41 INFO  no build target found for C:\Users\user\OneDrive\Desktop\obbiydaalt\LoginGUI.java. Using fallback presentation compiler.
2026.05.20 08:29:56 INFO  no build target found for C:\Users\user\OneDrive\Desktop\obbiydaalt\ShopGUI.java. Using fallback presentation compiler.
2026.05.20 08:29:56 WARN  no build target for: C:\Users\user\OneDrive\Desktop\obbiydaalt\ShopGUI.java
2026.05.20 08:29:56 INFO  no build target found for C:\Users\user\OneDrive\Desktop\obbiydaalt\ShopGUI.java. Using fallback presentation compiler.
2026.05.20 08:30:03 INFO  no build target found for C:\Users\user\OneDrive\Desktop\obbiydaalt\ShopGUI.java. Using fallback presentation compiler.
2026.05.20 08:30:03 INFO  no build target found for C:\Users\user\OneDrive\Desktop\obbiydaalt\ShopGUI.java. Using fallback presentation compiler.
2026.05.20 08:30:03 INFO  no build target found for C:\Users\user\OneDrive\Desktop\obbiydaalt\ShopGUI.java. Using fallback presentation compiler.
2026.05.20 08:30:03 INFO  no build target found for C:\Users\user\OneDrive\Desktop\obbiydaalt\ShopGUI.java. Using fallback presentation compiler.
2026.05.20 08:30:04 INFO  no build target found for C:\Users\user\OneDrive\Desktop\obbiydaalt\ShopGUI.java. Using fallback presentation compiler.
2026.05.20 08:30:03 INFO  no build target found for C:\Users\user\OneDrive\Desktop\obbiydaalt\ShopGUI.java. Using fallback presentation compiler.
2026.05.20 08:30:04 INFO  no build target found for C:\Users\user\OneDrive\Desktop\obbiydaalt\ShopGUI.java. Using fallback presentation compiler.
2026.05.20 08:30:04 INFO  no build target found for C:\Users\user\OneDrive\Desktop\obbiydaalt\ShopGUI.java. Using fallback presentation compiler.
2026.05.20 08:30:04 INFO  no build target found for C:\Users\user\OneDrive\Desktop\obbiydaalt\ShopGUI.java. Using fallback presentation compiler.
2026.05.20 08:30:05 INFO  no build target found for C:\Users\user\OneDrive\Desktop\obbiydaalt\ShopGUI.java. Using fallback presentation compiler.
2026.05.20 08:30:05 WARN  no build target for: C:\Users\user\OneDrive\Desktop\obbiydaalt\ShopGUI.java
2026.05.20 08:30:05 INFO  no build target found for C:\Users\user\OneDrive\Desktop\obbiydaalt\ShopGUI.java. Using fallback presentation compiler.
2026.05.20 08:30:08 INFO  no build target found for C:\Users\user\OneDrive\Desktop\obbiydaalt\ShopGUI.java. Using fallback presentation compiler.
2026.05.20 08:30:17 INFO  no build target found for C:\Users\user\OneDrive\Desktop\obbiydaalt\ShopGUI.java. Using fallback presentation compiler.
2026.05.20 08:30:17 INFO  no build target found for C:\Users\user\OneDrive\Desktop\obbiydaalt\ShopGUI.java. Using fallback presentation compiler.
2026.05.20 08:30:17 INFO  no build target found for C:\Users\user\OneDrive\Desktop\obbiydaalt\ShopGUI.java. Using fallback presentation compiler.
2026.05.20 08:30:18 INFO  no build target found for C:\Users\user\OneDrive\Desktop\obbiydaalt\ShopGUI.java. Using fallback presentation compiler.
2026.05.20 08:30:18 WARN  no build target for: C:\Users\user\OneDrive\Desktop\obbiydaalt\ShopGUI.java
2026.05.20 08:30:18 INFO  no build target found for C:\Users\user\OneDrive\Desktop\obbiydaalt\ShopGUI.java. Using fallback presentation compiler.
2026.05.20 08:30:19 INFO  no build target found for C:\Users\user\OneDrive\Desktop\obbiydaalt\ShopGUI.java. Using fallback presentation compiler.
2026.05.20 08:30:19 INFO  no build target found for C:\Users\user\OneDrive\Desktop\obbiydaalt\ShopGUI.java. Using fallback presentation compiler.
2026.05.20 08:30:19 INFO  no build target found for C:\Users\user\OneDrive\Desktop\obbiydaalt\ShopGUI.java. Using fallback presentation compiler.
2026.05.20 08:30:18 INFO  no build target found for C:\Users\user\OneDrive\Desktop\obbiydaalt\ShopGUI.java. Using fallback presentation compiler.
2026.05.20 08:30:19 INFO  no build target found for C:\Users\user\OneDrive\Desktop\obbiydaalt\ShopGUI.java. Using fallback presentation compiler.
2026.05.20 08:30:19 INFO  no build target found for C:\Users\user\OneDrive\Desktop\obbiydaalt\ShopGUI.java. Using fallback presentation compiler.
2026.05.20 08:30:20 INFO  no build target found for C:\Users\user\OneDrive\Desktop\obbiydaalt\ShopGUI.java. Using fallback presentation compiler.
2026.05.20 08:30:19 INFO  no build target found for C:\Users\user\OneDrive\Desktop\obbiydaalt\ShopGUI.java. Using fallback presentation compiler.
2026.05.20 08:30:20 INFO  no build target found for C:\Users\user\OneDrive\Desktop\obbiydaalt\ShopGUI.java. Using fallback presentation compiler.
2026.05.20 08:30:20 INFO  no build target found for C:\Users\user\OneDrive\Desktop\obbiydaalt\ShopGUI.java. Using fallback presentation compiler.
May 20, 2026 8:30:21 AM org.eclipse.lsp4j.jsonrpc.RemoteEndpoint handleCancellation
WARNING: Unmatched cancel notification for request id 4459
2026.05.20 08:30:20 INFO  no build target found for C:\Users\user\OneDrive\Desktop\obbiydaalt\ShopGUI.java. Using fallback presentation compiler.
2026.05.20 08:30:21 INFO  no build target found for C:\Users\user\OneDrive\Desktop\obbiydaalt\ShopGUI.java. Using fallback presentation compiler.
2026.05.20 08:30:20 INFO  no build target found for C:\Users\user\OneDrive\Desktop\obbiydaalt\ShopGUI.java. Using fallback presentation compiler.
2026.05.20 08:30:21 INFO  no build target found for C:\Users\user\OneDrive\Desktop\obbiydaalt\ShopGUI.java. Using fallback presentation compiler.
2026.05.20 08:30:20 INFO  no build target found for C:\Users\user\OneDrive\Desktop\obbiydaalt\ShopGUI.java. Using fallback presentation compiler.
2026.05.20 08:30:20 INFO  no build target found for C:\Users\user\OneDrive\Desktop\obbiydaalt\ShopGUI.java. Using fallback presentation compiler.
2026.05.20 08:30:22 INFO  no build target found for C:\Users\user\OneDrive\Desktop\obbiydaalt\ShopGUI.java. Using fallback presentation compiler.
2026.05.20 08:30:22 INFO  no build target found for C:\Users\user\OneDrive\Desktop\obbiydaalt\ShopGUI.java. Using fallback presentation compiler.
2026.05.20 08:30:22 INFO  no build target found for C:\Users\user\OneDrive\Desktop\obbiydaalt\ShopGUI.java. Using fallback presentation compiler.
2026.05.20 08:30:22 INFO  no build target found for C:\Users\user\OneDrive\Desktop\obbiydaalt\ShopGUI.java. Using fallback presentation compiler.
May 20, 2026 8:30:22 AM org.eclipse.lsp4j.jsonrpc.RemoteEndpoint handleCancellation
WARNING: Unmatched cancel notification for request id 4474
2026.05.20 08:30:22 INFO  no build target found for C:\Users\user\OneDrive\Desktop\obbiydaalt\ShopGUI.java. Using fallback presentation compiler.
2026.05.20 08:30:22 INFO  no build target found for C:\Users\user\OneDrive\Desktop\obbiydaalt\ShopGUI.java. Using fallback presentation compiler.
2026.05.20 08:30:22 INFO  no build target found for C:\Users\user\OneDrive\Desktop\obbiydaalt\ShopGUI.java. Using fallback presentation compiler.
2026.05.20 08:30:22 INFO  no build target found for C:\Users\user\OneDrive\Desktop\obbiydaalt\ShopGUI.java. Using fallback presentation compiler.
2026.05.20 08:30:22 INFO  no build target found for C:\Users\user\OneDrive\Desktop\obbiydaalt\ShopGUI.java. Using fallback presentation compiler.
2026.05.20 08:30:23 INFO  no build target found for C:\Users\user\OneDrive\Desktop\obbiydaalt\ShopGUI.java. Using fallback presentation compiler.
2026.05.20 08:30:23 INFO  no build target found for C:\Users\user\OneDrive\Desktop\obbiydaalt\ShopGUI.java. Using fallback presentation compiler.
2026.05.20 08:30:23 INFO  no build target found for C:\Users\user\OneDrive\Desktop\obbiydaalt\ShopGUI.java. Using fallback presentation compiler.
2026.05.20 08:30:23 INFO  no build target found for C:\Users\user\OneDrive\Desktop\obbiydaalt\ShopGUI.java. Using fallback presentation compiler.
2026.05.20 08:30:23 WARN  no build target for: C:\Users\user\OneDrive\Desktop\obbiydaalt\ShopGUI.java
2026.05.20 08:30:23 INFO  no build target found for C:\Users\user\OneDrive\Desktop\obbiydaalt\ShopGUI.java. Using fallback presentation compiler.
2026.05.20 08:30:24 INFO  no build target found for C:\Users\user\OneDrive\Desktop\obbiydaalt\ShopGUI.java. Using fallback presentation compiler.
2026.05.20 08:30:24 INFO  no build target found for C:\Users\user\OneDrive\Desktop\obbiydaalt\ShopGUI.java. Using fallback presentation compiler.
2026.05.20 08:30:25 INFO  no build target found for C:\Users\user\OneDrive\Desktop\obbiydaalt\ShopGUI.java. Using fallback presentation compiler.
2026.05.20 08:30:26 INFO  no build target found for C:\Users\user\OneDrive\Desktop\obbiydaalt\ShopGUI.java. Using fallback presentation compiler.
2026.05.20 08:30:26 INFO  no build target found for C:\Users\user\OneDrive\Desktop\obbiydaalt\ShopGUI.java. Using fallback presentation compiler.
2026.05.20 08:30:26 INFO  no build target found for C:\Users\user\OneDrive\Desktop\obbiydaalt\ShopGUI.java. Using fallback presentation compiler.
2026.05.20 08:30:26 INFO  no build target found for C:\Users\user\OneDrive\Desktop\obbiydaalt\ShopGUI.java. Using fallback presentation compiler.
2026.05.20 08:30:26 INFO  no build target found for C:\Users\user\OneDrive\Desktop\obbiydaalt\ShopGUI.java. Using fallback presentation compiler.
2026.05.20 08:30:26 INFO  no build target found for C:\Users\user\OneDrive\Desktop\obbiydaalt\ShopGUI.java. Using fallback presentation compiler.
2026.05.20 08:30:26 INFO  no build target found for C:\Users\user\OneDrive\Desktop\obbiydaalt\ShopGUI.java. Using fallback presentation compiler.
2026.05.20 08:30:26 INFO  no build target found for C:\Users\user\OneDrive\Desktop\obbiydaalt\ShopGUI.java. Using fallback presentation compiler.
2026.05.20 08:30:26 INFO  no build target found for C:\Users\user\OneDrive\Desktop\obbiydaalt\ShopGUI.java. Using fallback presentation compiler.
2026.05.20 08:30:26 INFO  no build target found for C:\Users\user\OneDrive\Desktop\obbiydaalt\ShopGUI.java. Using fallback presentation compiler.
2026.05.20 08:30:27 INFO  no build target found for C:\Users\user\OneDrive\Desktop\obbiydaalt\ShopGUI.java. Using fallback presentation compiler.
2026.05.20 08:30:27 INFO  no build target found for C:\Users\user\OneDrive\Desktop\obbiydaalt\ShopGUI.java. Using fallback presentation compiler.
2026.05.20 08:30:27 INFO  no build target found for C:\Users\user\OneDrive\Desktop\obbiydaalt\ShopGUI.java. Using fallback presentation compiler.
2026.05.20 08:30:27 INFO  no build target found for C:\Users\user\OneDrive\Desktop\obbiydaalt\ShopGUI.java. Using fallback presentation compiler.
2026.05.20 08:30:27 INFO  no build target found for C:\Users\user\OneDrive\Desktop\obbiydaalt\ShopGUI.java. Using fallback presentation compiler.
2026.05.20 08:30:27 INFO  no build target found for C:\Users\user\OneDrive\Desktop\obbiydaalt\ShopGUI.java. Using fallback presentation compiler.
2026.05.20 08:30:27 INFO  no build target found for C:\Users\user\OneDrive\Desktop\obbiydaalt\ShopGUI.java. Using fallback presentation compiler.
2026.05.20 08:30:27 INFO  no build target found for C:\Users\user\OneDrive\Desktop\obbiydaalt\ShopGUI.java. Using fallback presentation compiler.
2026.05.20 08:30:27 INFO  no build target found for C:\Users\user\OneDrive\Desktop\obbiydaalt\ShopGUI.java. Using fallback presentation compiler.
2026.05.20 08:30:27 INFO  no build target found for C:\Users\user\OneDrive\Desktop\obbiydaalt\ShopGUI.java. Using fallback presentation compiler.
2026.05.20 08:30:28 INFO  no build target found for C:\Users\user\OneDrive\Desktop\obbiydaalt\ShopGUI.java. Using fallback presentation compiler.
2026.05.20 08:30:28 INFO  no build target found for C:\Users\user\OneDrive\Desktop\obbiydaalt\ShopGUI.java. Using fallback presentation compiler.
2026.05.20 08:30:28 INFO  no build target found for C:\Users\user\OneDrive\Desktop\obbiydaalt\ShopGUI.java. Using fallback presentation compiler.
2026.05.20 08:30:28 INFO  no build target found for C:\Users\user\OneDrive\Desktop\obbiydaalt\ShopGUI.java. Using fallback presentation compiler.
2026.05.20 08:30:29 INFO  no build target found for C:\Users\user\OneDrive\Desktop\obbiydaalt\ShopGUI.java. Using fallback presentation compiler.
2026.05.20 08:30:28 INFO  no build target found for C:\Users\user\OneDrive\Desktop\obbiydaalt\ShopGUI.java. Using fallback presentation compiler.
2026.05.20 08:30:28 INFO  no build target found for C:\Users\user\OneDrive\Desktop\obbiydaalt\ShopGUI.java. Using fallback presentation compiler.
2026.05.20 08:30:28 INFO  no build target found for C:\Users\user\OneDrive\Desktop\obbiydaalt\ShopGUI.java. Using fallback presentation compiler.
2026.05.20 08:30:29 INFO  no build target found for C:\Users\user\OneDrive\Desktop\obbiydaalt\ShopGUI.java. Using fallback presentation compiler.
2026.05.20 08:30:28 INFO  no build target found for C:\Users\user\OneDrive\Desktop\obbiydaalt\ShopGUI.java. Using fallback presentation compiler.
2026.05.20 08:30:28 INFO  no build target found for C:\Users\user\OneDrive\Desktop\obbiydaalt\ShopGUI.java. Using fallback presentation compiler.
May 20, 2026 8:30:29 AM org.eclipse.lsp4j.jsonrpc.RemoteEndpoint handleCancellation
WARNING: Unmatched cancel notification for request id 4548
2026.05.20 08:30:29 INFO  no build target found for C:\Users\user\OneDrive\Desktop\obbiydaalt\ShopGUI.java. Using fallback presentation compiler.
2026.05.20 08:30:29 INFO  no build target found for C:\Users\user\OneDrive\Desktop\obbiydaalt\ShopGUI.java. Using fallback presentation compiler.
2026.05.20 08:30:29 INFO  no build target found for C:\Users\user\OneDrive\Desktop\obbiydaalt\ShopGUI.java. Using fallback presentation compiler.
2026.05.20 08:30:29 INFO  no build target found for C:\Users\user\OneDrive\Desktop\obbiydaalt\ShopGUI.java. Using fallback presentation compiler.
2026.05.20 08:30:29 INFO  no build target found for C:\Users\user\OneDrive\Desktop\obbiydaalt\ShopGUI.java. Using fallback presentation compiler.
2026.05.20 08:30:29 INFO  no build target found for C:\Users\user\OneDrive\Desktop\obbiydaalt\ShopGUI.java. Using fallback presentation compiler.
2026.05.20 08:30:30 INFO  no build target found for C:\Users\user\OneDrive\Desktop\obbiydaalt\ShopGUI.java. Using fallback presentation compiler.
2026.05.20 08:30:29 INFO  no build target found for C:\Users\user\OneDrive\Desktop\obbiydaalt\ShopGUI.java. Using fallback presentation compiler.
2026.05.20 08:30:29 INFO  no build target found for C:\Users\user\OneDrive\Desktop\obbiydaalt\ShopGUI.java. Using fallback presentation compiler.
2026.05.20 08:30:29 INFO  no build target found for C:\Users\user\OneDrive\Desktop\obbiydaalt\ShopGUI.java. Using fallback presentation compiler.
2026.05.20 08:30:29 INFO  no build target found for C:\Users\user\OneDrive\Desktop\obbiydaalt\ShopGUI.java. Using fallback presentation compiler.
2026.05.20 08:30:30 INFO  no build target found for C:\Users\user\OneDrive\Desktop\obbiydaalt\ShopGUI.java. Using fallback presentation compiler.
2026.05.20 08:30:31 INFO  no build target found for C:\Users\user\OneDrive\Desktop\obbiydaalt\ShopGUI.java. Using fallback presentation compiler.
2026.05.20 08:30:31 INFO  no build target found for C:\Users\user\OneDrive\Desktop\obbiydaalt\ShopGUI.java. Using fallback presentation compiler.
2026.05.20 08:30:31 INFO  no build target found for C:\Users\user\OneDrive\Desktop\obbiydaalt\ShopGUI.java. Using fallback presentation compiler.
2026.05.20 08:30:31 INFO  no build target found for C:\Users\user\OneDrive\Desktop\obbiydaalt\ShopGUI.java. Using fallback presentation compiler.
2026.05.20 08:30:31 INFO  no build target found for C:\Users\user\OneDrive\Desktop\obbiydaalt\ShopGUI.java. Using fallback presentation compiler.
2026.05.20 08:30:31 INFO  no build target found for C:\Users\user\OneDrive\Desktop\obbiydaalt\ShopGUI.java. Using fallback presentation compiler.
2026.05.20 08:30:31 INFO  no build target found for C:\Users\user\OneDrive\Desktop\obbiydaalt\ShopGUI.java. Using fallback presentation compiler.
2026.05.20 08:30:32 INFO  no build target found for C:\Users\user\OneDrive\Desktop\obbiydaalt\ShopGUI.java. Using fallback presentation compiler.
2026.05.20 08:30:31 INFO  no build target found for C:\Users\user\OneDrive\Desktop\obbiydaalt\ShopGUI.java. Using fallback presentation compiler.
2026.05.20 08:30:32 INFO  no build target found for C:\Users\user\OneDrive\Desktop\obbiydaalt\ShopGUI.java. Using fallback presentation compiler.
2026.05.20 08:30:32 INFO  no build target found for C:\Users\user\OneDrive\Desktop\obbiydaalt\ShopGUI.java. Using fallback presentation compiler.
2026.05.20 08:30:32 INFO  no build target found for C:\Users\user\OneDrive\Desktop\obbiydaalt\ShopGUI.java. Using fallback presentation compiler.
2026.05.20 08:30:32 INFO  no build target found for C:\Users\user\OneDrive\Desktop\obbiydaalt\ShopGUI.java. Using fallback presentation compiler.
2026.05.20 08:30:32 INFO  no build target found for C:\Users\user\OneDrive\Desktop\obbiydaalt\ShopGUI.java. Using fallback presentation compiler.
May 20, 2026 8:30:33 AM org.eclipse.lsp4j.jsonrpc.RemoteEndpoint handleCancellation
WARNING: Unmatched cancel notification for request id 4591
2026.05.20 08:30:32 INFO  no build target found for C:\Users\user\OneDrive\Desktop\obbiydaalt\ShopGUI.java. Using fallback presentation compiler.
2026.05.20 08:30:33 INFO  no build target found for C:\Users\user\OneDrive\Desktop\obbiydaalt\ShopGUI.java. Using fallback presentation compiler.
2026.05.20 08:30:33 INFO  no build target found for C:\Users\user\OneDrive\Desktop\obbiydaalt\ShopGUI.java. Using fallback presentation compiler.
2026.05.20 08:30:33 INFO  no build target found for C:\Users\user\OneDrive\Desktop\obbiydaalt\ShopGUI.java. Using fallback presentation compiler.
2026.05.20 08:30:33 INFO  no build target found for C:\Users\user\OneDrive\Desktop\obbiydaalt\ShopGUI.java. Using fallback presentation compiler.
2026.05.20 08:30:33 INFO  no build target found for C:\Users\user\OneDrive\Desktop\obbiydaalt\ShopGUI.java. Using fallback presentation compiler.
2026.05.20 08:30:33 INFO  no build target found for C:\Users\user\OneDrive\Desktop\obbiydaalt\ShopGUI.java. Using fallback presentation compiler.
2026.05.20 08:30:34 WARN  no build target for: C:\Users\user\OneDrive\Desktop\obbiydaalt\ShopGUI.java
2026.05.20 08:30:34 INFO  no build target found for C:\Users\user\OneDrive\Desktop\obbiydaalt\ShopGUI.java. Using fallback presentation compiler.
2026.05.20 08:30:35 INFO  no build target found for C:\Users\user\OneDrive\Desktop\obbiydaalt\ShopGUI.java. Using fallback presentation compiler.
2026.05.20 08:30:35 INFO  no build target found for C:\Users\user\OneDrive\Desktop\obbiydaalt\ShopGUI.java. Using fallback presentation compiler.
2026.05.20 08:30:34 INFO  no build target found for C:\Users\user\OneDrive\Desktop\obbiydaalt\ShopGUI.java. Using fallback presentation compiler.
2026.05.20 08:30:35 INFO  no build target found for C:\Users\user\OneDrive\Desktop\obbiydaalt\ShopGUI.java. Using fallback presentation compiler.
2026.05.20 08:30:36 WARN  no build target for: C:\Users\user\OneDrive\Desktop\obbiydaalt\ShopGUI.java
2026.05.20 08:30:36 INFO  no build target found for C:\Users\user\OneDrive\Desktop\obbiydaalt\ShopGUI.java. Using fallback presentation compiler.
2026.05.20 08:30:37 INFO  no build target found for C:\Users\user\OneDrive\Desktop\obbiydaalt\ShopGUI.java. Using fallback presentation compiler.
2026.05.20 08:30:37 INFO  no build target found for C:\Users\user\OneDrive\Desktop\obbiydaalt\ShopGUI.java. Using fallback presentation compiler.
2026.05.20 08:30:37 INFO  no build target found for C:\Users\user\OneDrive\Desktop\obbiydaalt\ShopGUI.java. Using fallback presentation compiler.
2026.05.20 08:30:38 INFO  no build target found for C:\Users\user\OneDrive\Desktop\obbiydaalt\ShopGUI.java. Using fallback presentation compiler.
2026.05.20 08:30:38 INFO  no build target found for C:\Users\user\OneDrive\Desktop\obbiydaalt\ShopGUI.java. Using fallback presentation compiler.
2026.05.20 08:30:43 INFO  no build target found for C:\Users\user\OneDrive\Desktop\obbiydaalt\ShopGUI.java. Using fallback presentation compiler.
2026.05.20 08:30:46 INFO  no build target found for C:\Users\user\OneDrive\Desktop\obbiydaalt\ShopGUI.java. Using fallback presentation compiler.
2026.05.20 08:30:46 INFO  no build target found for C:\Users\user\OneDrive\Desktop\obbiydaalt\ShopGUI.java. Using fallback presentation compiler.
2026.05.20 08:30:47 INFO  no build target found for C:\Users\user\OneDrive\Desktop\obbiydaalt\ShopGUI.java. Using fallback presentation compiler.
2026.05.20 08:30:47 WARN  no build target for: C:\Users\user\OneDrive\Desktop\obbiydaalt\ShopGUI.java
2026.05.20 08:30:47 INFO  no build target found for C:\Users\user\OneDrive\Desktop\obbiydaalt\ShopGUI.java. Using fallback presentation compiler.
2026.05.20 08:30:47 INFO  no build target found for C:\Users\user\OneDrive\Desktop\obbiydaalt\ShopGUI.java. Using fallback presentation compiler.
May 20, 2026 8:30:48 AM org.eclipse.lsp4j.jsonrpc.RemoteEndpoint handleCancellation
WARNING: Unmatched cancel notification for request id 4638
2026.05.20 08:30:48 INFO  no build target found for C:\Users\user\OneDrive\Desktop\obbiydaalt\ShopGUI.java. Using fallback presentation compiler.
2026.05.20 08:30:47 INFO  no build target found for C:\Users\user\OneDrive\Desktop\obbiydaalt\ShopGUI.java. Using fallback presentation compiler.
2026.05.20 08:30:48 INFO  no build target found for C:\Users\user\OneDrive\Desktop\obbiydaalt\ShopGUI.java. Using fallback presentation compiler.
2026.05.20 08:30:48 INFO  no build target found for C:\Users\user\OneDrive\Desktop\obbiydaalt\ShopGUI.java. Using fallback presentation compiler.
2026.05.20 08:30:48 INFO  no build target found for C:\Users\user\OneDrive\Desktop\obbiydaalt\ShopGUI.java. Using fallback presentation compiler.
2026.05.20 08:30:48 INFO  no build target found for C:\Users\user\OneDrive\Desktop\obbiydaalt\ShopGUI.java. Using fallback presentation compiler.
2026.05.20 08:30:48 INFO  no build target found for C:\Users\user\OneDrive\Desktop\obbiydaalt\ShopGUI.java. Using fallback presentation compiler.
2026.05.20 08:30:48 INFO  no build target found for C:\Users\user\OneDrive\Desktop\obbiydaalt\ShopGUI.java. Using fallback presentation compiler.
2026.05.20 08:30:49 WARN  no build target for: C:\Users\user\OneDrive\Desktop\obbiydaalt\ShopGUI.java
2026.05.20 08:30:49 INFO  no build target found for C:\Users\user\OneDrive\Desktop\obbiydaalt\ShopGUI.java. Using fallback presentation compiler.
2026.05.20 08:30:49 INFO  Created report: Optional[file:///C:/Users/user/OneDrive/Desktop/obbiydaalt/ShopGUI.java]
2026.05.20 08:30:49 INFO  QDox parse error in file:///C:/Users/user/OneDrive/Desktop/obbiydaalt/ShopGUI.java (full report at: "C:\Users\user\OneDrive\Desktop\obbiydaalt\.metals\.reports\metals-full\2026-05-20\r_qdox-error_08-30-49-954.md")
2026.05.20 08:30:50 INFO  no build target found for C:\Users\user\OneDrive\Desktop\obbiydaalt\ShopGUI.java. Using fallback presentation compiler.
2026.05.20 08:30:50 INFO  no build target found for C:\Users\user\OneDrive\Desktop\obbiydaalt\ShopGUI.java. Using fallback presentation compiler.
2026.05.20 08:30:50 INFO  no build target found for C:\Users\user\OneDrive\Desktop\obbiydaalt\ShopGUI.java. Using fallback presentation compiler.
2026.05.20 08:30:50 INFO  no build target found for C:\Users\user\OneDrive\Desktop\obbiydaalt\ShopGUI.java. Using fallback presentation compiler.
2026.05.20 08:30:49 WARN  Running javac-semanticdb failed for file:///C:/Users/user/OneDrive/Desktop/obbiydaalt/ShopGUI.java. Output:

2026.05.20 08:30:50 INFO  no build target found for C:\Users\user\OneDrive\Desktop\obbiydaalt\ShopGUI.java. Using fallback presentation compiler.
2026.05.20 08:30:51 WARN  no build target for: C:\Users\user\OneDrive\Desktop\obbiydaalt\ShopGUI.java
2026.05.20 08:30:51 INFO  no build target found for C:\Users\user\OneDrive\Desktop\obbiydaalt\ShopGUI.java. Using fallback presentation compiler.
2026.05.20 08:30:51 INFO  QDox parse error in file:///C:/Users/user/OneDrive/Desktop/obbiydaalt/ShopGUI.java (full report at: "C:\Users\user\OneDrive\Desktop\obbiydaalt\.metals\.reports\metals-full\2026-05-20\r_qdox-error_08-30-49-954.md")
2026.05.20 08:30:52 INFO  no build target found for C:\Users\user\OneDrive\Desktop\obbiydaalt\ShopGUI.java. Using fallback presentation compiler.
2026.05.20 08:30:52 INFO  no build target found for C:\Users\user\OneDrive\Desktop\obbiydaalt\LoginGUI.java. Using fallback presentation compiler.
2026.05.20 08:30:53 WARN  no build target for: C:\Users\user\OneDrive\Desktop\obbiydaalt\LoginGUI.java
2026.05.20 08:30:53 INFO  no build target found for C:\Users\user\OneDrive\Desktop\obbiydaalt\LoginGUI.java. Using fallback presentation compiler.
2026.05.20 08:30:58 INFO  no build target found for C:\Users\user\OneDrive\Desktop\obbiydaalt\ShopGUI.java. Using fallback presentation compiler.
2026.05.20 08:30:58 WARN  no build target for: C:\Users\user\OneDrive\Desktop\obbiydaalt\ShopGUI.java
2026.05.20 08:30:58 INFO  no build target found for C:\Users\user\OneDrive\Desktop\obbiydaalt\ShopGUI.java. Using fallback presentation compiler.
2026.05.20 08:30:58 INFO  no build target found for C:\Users\user\OneDrive\Desktop\obbiydaalt\ShopGUI.java. Using fallback presentation compiler.
2026.05.20 08:30:58 INFO  no build target found for C:\Users\user\OneDrive\Desktop\obbiydaalt\ShopGUI.java. Using fallback presentation compiler.
2026.05.20 08:30:58 INFO  no build target found for C:\Users\user\OneDrive\Desktop\obbiydaalt\ShopGUI.java. Using fallback presentation compiler.
2026.05.20 08:30:59 INFO  no build target found for C:\Users\user\OneDrive\Desktop\obbiydaalt\ShopGUI.java. Using fallback presentation compiler.
2026.05.20 08:30:59 INFO  no build target found for C:\Users\user\OneDrive\Desktop\obbiydaalt\ShopGUI.java. Using fallback presentation compiler.
2026.05.20 08:30:59 INFO  no build target found for C:\Users\user\OneDrive\Desktop\obbiydaalt\ShopGUI.java. Using fallback presentation compiler.
2026.05.20 08:31:00 INFO  no build target found for C:\Users\user\OneDrive\Desktop\obbiydaalt\ShopGUI.java. Using fallback presentation compiler.
2026.05.20 08:31:00 WARN  Running javac-semanticdb failed for file:///C:/Users/user/OneDrive/Desktop/obbiydaalt/ShopGUI.java. Output:

2026.05.20 08:30:59 INFO  no build target found for C:\Users\user\OneDrive\Desktop\obbiydaalt\ShopGUI.java. Using fallback presentation compiler.
2026.05.20 08:30:59 INFO  no build target found for C:\Users\user\OneDrive\Desktop\obbiydaalt\ShopGUI.java. Using fallback presentation compiler.
2026.05.20 08:30:59 INFO  no build target found for C:\Users\user\OneDrive\Desktop\obbiydaalt\ShopGUI.java. Using fallback presentation compiler.
2026.05.20 08:31:00 INFO  no build target found for C:\Users\user\OneDrive\Desktop\obbiydaalt\ShopGUI.java. Using fallback presentation compiler.
2026.05.20 08:31:00 WARN  Running javac-semanticdb failed for file:///C:/Users/user/OneDrive/Desktop/obbiydaalt/ShopGUI.java. Output:

2026.05.20 08:31:01 INFO  no build target found for C:\Users\user\OneDrive\Desktop\obbiydaalt\ShopGUI.java. Using fallback presentation compiler.
2026.05.20 08:31:01 INFO  no build target found for C:\Users\user\OneDrive\Desktop\obbiydaalt\ShopGUI.java. Using fallback presentation compiler.
2026.05.20 08:31:01 INFO  no build target found for C:\Users\user\OneDrive\Desktop\obbiydaalt\ShopGUI.java. Using fallback presentation compiler.
May 20, 2026 8:31:02 AM org.eclipse.lsp4j.jsonrpc.RemoteEndpoint handleCancellation
WARNING: Unmatched cancel notification for request id 4703
May 20, 2026 8:31:02 AM org.eclipse.lsp4j.jsonrpc.RemoteEndpoint handleCancellation
WARNING: Unmatched cancel notification for request id 4702
2026.05.20 08:31:02 INFO  no build target found for C:\Users\user\OneDrive\Desktop\obbiydaalt\ShopGUI.java. Using fallback presentation compiler.
2026.05.20 08:31:01 INFO  no build target found for C:\Users\user\OneDrive\Desktop\obbiydaalt\ShopGUI.java. Using fallback presentation compiler.
May 20, 2026 8:31:02 AM org.eclipse.lsp4j.jsonrpc.RemoteEndpoint handleCancellation
WARNING: Unmatched cancel notification for request id 4707
2026.05.20 08:31:01 INFO  no build target found for C:\Users\user\OneDrive\Desktop\obbiydaalt\ShopGUI.java. Using fallback presentation compiler.
2026.05.20 08:31:02 WARN  Running javac-semanticdb failed for file:///C:/Users/user/OneDrive/Desktop/obbiydaalt/ShopGUI.java. Output:

2026.05.20 08:31:02 INFO  no build target found for C:\Users\user\OneDrive\Desktop\obbiydaalt\ShopGUI.java. Using fallback presentation compiler.
2026.05.20 08:31:01 INFO  no build target found for C:\Users\user\OneDrive\Desktop\obbiydaalt\ShopGUI.java. Using fallback presentation compiler.
2026.05.20 08:31:02 WARN  Running javac-semanticdb failed for file:///C:/Users/user/OneDrive/Desktop/obbiydaalt/ShopGUI.java. Output:

2026.05.20 08:31:02 INFO  no build target found for C:\Users\user\OneDrive\Desktop\obbiydaalt\ShopGUI.java. Using fallback presentation compiler.
2026.05.20 08:31:02 INFO  no build target found for C:\Users\user\OneDrive\Desktop\obbiydaalt\ShopGUI.java. Using fallback presentation compiler.
2026.05.20 08:31:02 WARN  Running javac-semanticdb failed for file:///C:/Users/user/OneDrive/Desktop/obbiydaalt/ShopGUI.java. Output:

2026.05.20 08:31:02 INFO  no build target found for C:\Users\user\OneDrive\Desktop\obbiydaalt\ShopGUI.java. Using fallback presentation compiler.
2026.05.20 08:31:02 INFO  no build target found for C:\Users\user\OneDrive\Desktop\obbiydaalt\ShopGUI.java. Using fallback presentation compiler.
2026.05.20 08:31:02 INFO  no build target found for C:\Users\user\OneDrive\Desktop\obbiydaalt\ShopGUI.java. Using fallback presentation compiler.
2026.05.20 08:31:03 INFO  no build target found for C:\Users\user\OneDrive\Desktop\obbiydaalt\ShopGUI.java. Using fallback presentation compiler.
2026.05.20 08:31:03 WARN  Running javac-semanticdb failed for file:///C:/Users/user/OneDrive/Desktop/obbiydaalt/ShopGUI.java. Output:

2026.05.20 08:31:04 INFO  no build target found for C:\Users\user\OneDrive\Desktop\obbiydaalt\ShopGUI.java. Using fallback presentation compiler.
2026.05.20 08:31:04 INFO  no build target found for C:\Users\user\OneDrive\Desktop\obbiydaalt\ShopGUI.java. Using fallback presentation compiler.
2026.05.20 08:31:04 INFO  no build target found for C:\Users\user\OneDrive\Desktop\obbiydaalt\ShopGUI.java. Using fallback presentation compiler.
May 20, 2026 8:31:05 AM org.eclipse.lsp4j.jsonrpc.RemoteEndpoint handleCancellation
WARNING: Unmatched cancel notification for request id 4729
2026.05.20 08:31:05 INFO  no build target found for C:\Users\user\OneDrive\Desktop\obbiydaalt\ShopGUI.java. Using fallback presentation compiler.
2026.05.20 08:31:04 INFO  no build target found for C:\Users\user\OneDrive\Desktop\obbiydaalt\ShopGUI.java. Using fallback presentation compiler.
2026.05.20 08:31:05 INFO  no build target found for C:\Users\user\OneDrive\Desktop\obbiydaalt\ShopGUI.java. Using fallback presentation compiler.
2026.05.20 08:31:05 INFO  no build target found for C:\Users\user\OneDrive\Desktop\obbiydaalt\ShopGUI.java. Using fallback presentation compiler.
2026.05.20 08:31:05 WARN  Running javac-semanticdb failed for file:///C:/Users/user/OneDrive/Desktop/obbiydaalt/ShopGUI.java. Output:

2026.05.20 08:31:05 INFO  no build target found for C:\Users\user\OneDrive\Desktop\obbiydaalt\ShopGUI.java. Using fallback presentation compiler.
2026.05.20 08:31:05 INFO  no build target found for C:\Users\user\OneDrive\Desktop\obbiydaalt\ShopGUI.java. Using fallback presentation compiler.
2026.05.20 08:31:05 INFO  no build target found for C:\Users\user\OneDrive\Desktop\obbiydaalt\ShopGUI.java. Using fallback presentation compiler.
2026.05.20 08:31:05 INFO  no build target found for C:\Users\user\OneDrive\Desktop\obbiydaalt\ShopGUI.java. Using fallback presentation compiler.
2026.05.20 08:31:05 INFO  no build target found for C:\Users\user\OneDrive\Desktop\obbiydaalt\ShopGUI.java. Using fallback presentation compiler.
2026.05.20 08:31:05 WARN  Running javac-semanticdb failed for file:///C:/Users/user/OneDrive/Desktop/obbiydaalt/ShopGUI.java. Output:

2026.05.20 08:31:06 INFO  no build target found for C:\Users\user\OneDrive\Desktop\obbiydaalt\ShopGUI.java. Using fallback presentation compiler.
2026.05.20 08:31:06 INFO  no build target found for C:\Users\user\OneDrive\Desktop\obbiydaalt\ShopGUI.java. Using fallback presentation compiler.
May 20, 2026 8:31:06 AM org.eclipse.lsp4j.jsonrpc.RemoteEndpoint handleCancellation
WARNING: Unmatched cancel notification for request id 4750
2026.05.20 08:31:06 INFO  no build target found for C:\Users\user\OneDrive\Desktop\obbiydaalt\ShopGUI.java. Using fallback presentation compiler.
2026.05.20 08:31:06 INFO  no build target found for C:\Users\user\OneDrive\Desktop\obbiydaalt\ShopGUI.java. Using fallback presentation compiler.
2026.05.20 08:31:06 WARN  Running javac-semanticdb failed for file:///C:/Users/user/OneDrive/Desktop/obbiydaalt/ShopGUI.java. Output:

2026.05.20 08:31:06 INFO  no build target found for C:\Users\user\OneDrive\Desktop\obbiydaalt\ShopGUI.java. Using fallback presentation compiler.
2026.05.20 08:31:06 INFO  no build target found for C:\Users\user\OneDrive\Desktop\obbiydaalt\ShopGUI.java. Using fallback presentation compiler.
2026.05.20 08:31:06 INFO  no build target found for C:\Users\user\OneDrive\Desktop\obbiydaalt\ShopGUI.java. Using fallback presentation compiler.
2026.05.20 08:31:07 INFO  no build target found for C:\Users\user\OneDrive\Desktop\obbiydaalt\ShopGUI.java. Using fallback presentation compiler.
2026.05.20 08:31:06 INFO  no build target found for C:\Users\user\OneDrive\Desktop\obbiydaalt\ShopGUI.java. Using fallback presentation compiler.
2026.05.20 08:31:07 INFO  no build target found for C:\Users\user\OneDrive\Desktop\obbiydaalt\ShopGUI.java. Using fallback presentation compiler.
2026.05.20 08:31:07 INFO  no build target found for C:\Users\user\OneDrive\Desktop\obbiydaalt\ShopGUI.java. Using fallback presentation compiler.
2026.05.20 08:31:07 WARN  Running javac-semanticdb failed for file:///C:/Users/user/OneDrive/Desktop/obbiydaalt/ShopGUI.java. Output:

2026.05.20 08:31:07 INFO  no build target found for C:\Users\user\OneDrive\Desktop\obbiydaalt\ShopGUI.java. Using fallback presentation compiler.
2026.05.20 08:31:07 INFO  no build target found for C:\Users\user\OneDrive\Desktop\obbiydaalt\ShopGUI.java. Using fallback presentation compiler.
2026.05.20 08:31:09 INFO  no build target found for C:\Users\user\OneDrive\Desktop\obbiydaalt\ShopGUI.java. Using fallback presentation compiler.
2026.05.20 08:31:09 INFO  no build target found for C:\Users\user\OneDrive\Desktop\obbiydaalt\ShopGUI.java. Using fallback presentation compiler.
2026.05.20 08:31:09 INFO  no build target found for C:\Users\user\OneDrive\Desktop\obbiydaalt\ShopGUI.java. Using fallback presentation compiler.
May 20, 2026 8:31:09 AM org.eclipse.lsp4j.jsonrpc.RemoteEndpoint handleCancellation
WARNING: Unmatched cancel notification for request id 4771
May 20, 2026 8:31:09 AM org.eclipse.lsp4j.jsonrpc.RemoteEndpoint handleCancellation
WARNING: Unmatched cancel notification for request id 4769
2026.05.20 08:31:09 INFO  no build target found for C:\Users\user\OneDrive\Desktop\obbiydaalt\ShopGUI.java. Using fallback presentation compiler.
May 20, 2026 8:31:09 AM org.eclipse.lsp4j.jsonrpc.RemoteEndpoint handleCancellation
WARNING: Unmatched cancel notification for request id 4774
2026.05.20 08:31:09 WARN  Running javac-semanticdb failed for file:///C:/Users/user/OneDrive/Desktop/obbiydaalt/ShopGUI.java. Output:

2026.05.20 08:31:09 INFO  no build target found for C:\Users\user\OneDrive\Desktop\obbiydaalt\ShopGUI.java. Using fallback presentation compiler.
2026.05.20 08:31:09 WARN  Running javac-semanticdb failed for file:///C:/Users/user/OneDrive/Desktop/obbiydaalt/ShopGUI.java. Output:

2026.05.20 08:31:09 INFO  no build target found for C:\Users\user\OneDrive\Desktop\obbiydaalt\ShopGUI.java. Using fallback presentation compiler.
2026.05.20 08:31:09 INFO  no build target found for C:\Users\user\OneDrive\Desktop\obbiydaalt\ShopGUI.java. Using fallback presentation compiler.
2026.05.20 08:31:09 INFO  no build target found for C:\Users\user\OneDrive\Desktop\obbiydaalt\ShopGUI.java. Using fallback presentation compiler.
2026.05.20 08:31:10 WARN  Running javac-semanticdb failed for file:///C:/Users/user/OneDrive/Desktop/obbiydaalt/ShopGUI.java. Output:

2026.05.20 08:31:10 INFO  no build target found for C:\Users\user\OneDrive\Desktop\obbiydaalt\ShopGUI.java. Using fallback presentation compiler.
2026.05.20 08:31:09 INFO  no build target found for C:\Users\user\OneDrive\Desktop\obbiydaalt\ShopGUI.java. Using fallback presentation compiler.
2026.05.20 08:31:09 INFO  no build target found for C:\Users\user\OneDrive\Desktop\obbiydaalt\ShopGUI.java. Using fallback presentation compiler.
2026.05.20 08:31:10 INFO  no build target found for C:\Users\user\OneDrive\Desktop\obbiydaalt\ShopGUI.java. Using fallback presentation compiler.
2026.05.20 08:31:10 WARN  Running javac-semanticdb failed for file:///C:/Users/user/OneDrive/Desktop/obbiydaalt/ShopGUI.java. Output:

2026.05.20 08:31:11 INFO  no build target found for C:\Users\user\OneDrive\Desktop\obbiydaalt\ShopGUI.java. Using fallback presentation compiler.
2026.05.20 08:31:11 INFO  no build target found for C:\Users\user\OneDrive\Desktop\obbiydaalt\ShopGUI.java. Using fallback presentation compiler.
2026.05.20 08:31:11 INFO  no build target found for C:\Users\user\OneDrive\Desktop\obbiydaalt\ShopGUI.java. Using fallback presentation compiler.
May 20, 2026 8:31:11 AM org.eclipse.lsp4j.jsonrpc.RemoteEndpoint handleCancellation
WARNING: Unmatched cancel notification for request id 4797
2026.05.20 08:31:11 INFO  no build target found for C:\Users\user\OneDrive\Desktop\obbiydaalt\ShopGUI.java. Using fallback presentation compiler.
2026.05.20 08:31:11 INFO  no build target found for C:\Users\user\OneDrive\Desktop\obbiydaalt\ShopGUI.java. Using fallback presentation compiler.
2026.05.20 08:31:11 INFO  no build target found for C:\Users\user\OneDrive\Desktop\obbiydaalt\ShopGUI.java. Using fallback presentation compiler.
2026.05.20 08:31:12 WARN  Running javac-semanticdb failed for file:///C:/Users/user/OneDrive/Desktop/obbiydaalt/ShopGUI.java. Output:

2026.05.20 08:31:12 INFO  no build target found for C:\Users\user\OneDrive\Desktop\obbiydaalt\ShopGUI.java. Using fallback presentation compiler.
2026.05.20 08:31:12 INFO  no build target found for C:\Users\user\OneDrive\Desktop\obbiydaalt\ShopGUI.java. Using fallback presentation compiler.
2026.05.20 08:31:12 INFO  no build target found for C:\Users\user\OneDrive\Desktop\obbiydaalt\ShopGUI.java. Using fallback presentation compiler.
2026.05.20 08:31:12 INFO  no build target found for C:\Users\user\OneDrive\Desktop\obbiydaalt\ShopGUI.java. Using fallback presentation compiler.
2026.05.20 08:31:12 INFO  no build target found for C:\Users\user\OneDrive\Desktop\obbiydaalt\ShopGUI.java. Using fallback presentation compiler.
2026.05.20 08:31:12 INFO  no build target found for C:\Users\user\OneDrive\Desktop\obbiydaalt\ShopGUI.java. Using fallback presentation compiler.
2026.05.20 08:31:12 WARN  Running javac-semanticdb failed for file:///C:/Users/user/OneDrive/Desktop/obbiydaalt/ShopGUI.java. Output:

2026.05.20 08:31:13 INFO  no build target found for C:\Users\user\OneDrive\Desktop\obbiydaalt\ShopGUI.java. Using fallback presentation compiler.
2026.05.20 08:31:13 WARN  Running javac-semanticdb failed for file:///C:/Users/user/OneDrive/Desktop/obbiydaalt/ShopGUI.java. Output:

2026.05.20 08:31:13 INFO  no build target found for C:\Users\user\OneDrive\Desktop\obbiydaalt\ShopGUI.java. Using fallback presentation compiler.
2026.05.20 08:31:13 INFO  no build target found for C:\Users\user\OneDrive\Desktop\obbiydaalt\ShopGUI.java. Using fallback presentation compiler.
2026.05.20 08:31:13 INFO  no build target found for C:\Users\user\OneDrive\Desktop\obbiydaalt\ShopGUI.java. Using fallback presentation compiler.
2026.05.20 08:31:13 INFO  no build target found for C:\Users\user\OneDrive\Desktop\obbiydaalt\ShopGUI.java. Using fallback presentation compiler.
May 20, 2026 8:31:14 AM org.eclipse.lsp4j.jsonrpc.RemoteEndpoint handleCancellation
WARNING: Unmatched cancel notification for request id 4823
2026.05.20 08:31:13 INFO  no build target found for C:\Users\user\OneDrive\Desktop\obbiydaalt\ShopGUI.java. Using fallback presentation compiler.
2026.05.20 08:31:13 INFO  no build target found for C:\Users\user\OneDrive\Desktop\obbiydaalt\ShopGUI.java. Using fallback presentation compiler.
2026.05.20 08:31:14 WARN  Running javac-semanticdb failed for file:///C:/Users/user/OneDrive/Desktop/obbiydaalt/ShopGUI.java. Output:

2026.05.20 08:31:14 INFO  no build target found for C:\Users\user\OneDrive\Desktop\obbiydaalt\ShopGUI.java. Using fallback presentation compiler.
2026.05.20 08:31:14 INFO  no build target found for C:\Users\user\OneDrive\Desktop\obbiydaalt\ShopGUI.java. Using fallback presentation compiler.
2026.05.20 08:31:14 WARN  Running javac-semanticdb failed for file:///C:/Users/user/OneDrive/Desktop/obbiydaalt/ShopGUI.java. Output:

2026.05.20 08:31:14 INFO  no build target found for C:\Users\user\OneDrive\Desktop\obbiydaalt\ShopGUI.java. Using fallback presentation compiler.
2026.05.20 08:31:15 WARN  no build target for: C:\Users\user\OneDrive\Desktop\obbiydaalt\ShopGUI.java
2026.05.20 08:31:15 INFO  QDox parse error in file:///C:/Users/user/OneDrive/Desktop/obbiydaalt/ShopGUI.java (full report at: "C:\Users\user\OneDrive\Desktop\obbiydaalt\.metals\.reports\metals-full\2026-05-20\r_qdox-error_08-30-49-954.md")
2026.05.20 08:31:15 INFO  no build target found for C:\Users\user\OneDrive\Desktop\obbiydaalt\ShopGUI.java. Using fallback presentation compiler.
2026.05.20 08:31:16 INFO  no build target found for C:\Users\user\OneDrive\Desktop\obbiydaalt\ShopGUI.java. Using fallback presentation compiler.
2026.05.20 08:31:16 INFO  no build target found for C:\Users\user\OneDrive\Desktop\obbiydaalt\ShopGUI.java. Using fallback presentation compiler.
2026.05.20 08:31:16 INFO  no build target found for C:\Users\user\OneDrive\Desktop\obbiydaalt\ShopGUI.java. Using fallback presentation compiler.
2026.05.20 08:31:16 INFO  no build target found for C:\Users\user\OneDrive\Desktop\obbiydaalt\ShopGUI.java. Using fallback presentation compiler.
2026.05.20 08:31:16 WARN  Running javac-semanticdb failed for file:///C:/Users/user/OneDrive/Desktop/obbiydaalt/ShopGUI.java. Output:

2026.05.20 08:31:17 WARN  no build target for: C:\Users\user\OneDrive\Desktop\obbiydaalt\ShopGUI.java
2026.05.20 08:31:17 INFO  no build target found for C:\Users\user\OneDrive\Desktop\obbiydaalt\ShopGUI.java. Using fallback presentation compiler.
2026.05.20 08:31:20 INFO  no build target found for C:\Users\user\OneDrive\Desktop\obbiydaalt\ShopGUI.java. Using fallback presentation compiler.
2026.05.20 08:31:20 INFO  no build target found for C:\Users\user\OneDrive\Desktop\obbiydaalt\ShopGUI.java. Using fallback presentation compiler.
2026.05.20 08:31:22 INFO  no build target found for C:\Users\user\OneDrive\Desktop\obbiydaalt\ShopGUI.java. Using fallback presentation compiler.
2026.05.20 08:31:22 INFO  no build target found for C:\Users\user\OneDrive\Desktop\obbiydaalt\ShopGUI.java. Using fallback presentation compiler.
2026.05.20 08:31:22 INFO  no build target found for C:\Users\user\OneDrive\Desktop\obbiydaalt\ShopGUI.java. Using fallback presentation compiler.
2026.05.20 08:31:22 INFO  no build target found for C:\Users\user\OneDrive\Desktop\obbiydaalt\ShopGUI.java. Using fallback presentation compiler.
2026.05.20 08:31:23 INFO  no build target found for C:\Users\user\OneDrive\Desktop\obbiydaalt\ShopGUI.java. Using fallback presentation compiler.
2026.05.20 08:31:23 INFO  no build target found for C:\Users\user\OneDrive\Desktop\obbiydaalt\ShopGUI.java. Using fallback presentation compiler.
2026.05.20 08:31:23 WARN  no build target for: C:\Users\user\OneDrive\Desktop\obbiydaalt\ShopGUI.java
2026.05.20 08:31:24 INFO  no build target found for C:\Users\user\OneDrive\Desktop\obbiydaalt\ShopGUI.java. Using fallback presentation compiler.
2026.05.20 08:31:35 INFO  no build target found for C:\Users\user\OneDrive\Desktop\obbiydaalt\ShopGUI.java. Using fallback presentation compiler.
2026.05.20 08:31:35 INFO  no build target found for C:\Users\user\OneDrive\Desktop\obbiydaalt\ShopGUI.java. Using fallback presentation compiler.
2026.05.20 08:33:49 INFO  no build target found for C:\Users\user\OneDrive\Desktop\obbiydaalt\ShopGUI.java. Using fallback presentation compiler.
2026.05.20 08:33:49 INFO  no build target found for C:\Users\user\OneDrive\Desktop\obbiydaalt\ShopGUI.java. Using fallback presentation compiler.
2026.05.20 08:33:49 INFO  no build target found for C:\Users\user\OneDrive\Desktop\obbiydaalt\ShopGUI.java. Using fallback presentation compiler.
2026.05.20 08:33:49 INFO  no build target found for C:\Users\user\OneDrive\Desktop\obbiydaalt\ShopGUI.java. Using fallback presentation compiler.
2026.05.20 08:33:49 INFO  no build target found for C:\Users\user\OneDrive\Desktop\obbiydaalt\ShopGUI.java. Using fallback presentation compiler.
2026.05.20 08:33:51 INFO  no build target found for C:\Users\user\OneDrive\Desktop\obbiydaalt\ShopGUI.java. Using fallback presentation compiler.
2026.05.20 08:33:51 INFO  no build target found for C:\Users\user\OneDrive\Desktop\obbiydaalt\ShopGUI.java. Using fallback presentation compiler.
2026.05.20 08:33:51 INFO  no build target found for C:\Users\user\OneDrive\Desktop\obbiydaalt\ShopGUI.java. Using fallback presentation compiler.
2026.05.20 08:33:51 WARN  no build target for: C:\Users\user\OneDrive\Desktop\obbiydaalt\ShopGUI.java
2026.05.20 08:33:51 INFO  no build target found for C:\Users\user\OneDrive\Desktop\obbiydaalt\ShopGUI.java. Using fallback presentation compiler.
2026.05.20 08:33:51 INFO  no build target found for C:\Users\user\OneDrive\Desktop\obbiydaalt\ShopGUI.java. Using fallback presentation compiler.
2026.05.20 08:33:52 INFO  no build target found for C:\Users\user\OneDrive\Desktop\obbiydaalt\ShopGUI.java. Using fallback presentation compiler.
2026.05.20 08:34:26 INFO  no build target found for C:\Users\user\OneDrive\Desktop\obbiydaalt\ShopGUI.java. Using fallback presentation compiler.
2026.05.20 08:34:28 INFO  no build target found for C:\Users\user\OneDrive\Desktop\obbiydaalt\ShopGUI.java. Using fallback presentation compiler.
2026.05.20 08:34:30 INFO  no build target found for C:\Users\user\OneDrive\Desktop\obbiydaalt\ShopGUI.java. Using fallback presentation compiler.
2026.05.20 08:34:36 INFO  no build target found for C:\Users\user\OneDrive\Desktop\obbiydaalt\ShopGUI.java. Using fallback presentation compiler.
2026.05.20 08:34:42 INFO  no build target found for C:\Users\user\OneDrive\Desktop\obbiydaalt\LoginGUI.java. Using fallback presentation compiler.
2026.05.20 08:34:42 WARN  no build target for: C:\Users\user\OneDrive\Desktop\obbiydaalt\LoginGUI.java
2026.05.20 08:34:42 INFO  no build target found for C:\Users\user\OneDrive\Desktop\obbiydaalt\LoginGUI.java. Using fallback presentation compiler.
2026.05.20 08:34:49 INFO  no build target found for C:\Users\user\OneDrive\Desktop\obbiydaalt\ShopGUI.java. Using fallback presentation compiler.
2026.05.20 08:34:49 WARN  no build target for: C:\Users\user\OneDrive\Desktop\obbiydaalt\ShopGUI.java
2026.05.20 08:34:49 INFO  no build target found for C:\Users\user\OneDrive\Desktop\obbiydaalt\ShopGUI.java. Using fallback presentation compiler.
2026.05.20 08:34:49 INFO  no build target found for C:\Users\user\OneDrive\Desktop\obbiydaalt\ShopGUI.java. Using fallback presentation compiler.
2026.05.20 08:34:49 INFO  no build target found for C:\Users\user\OneDrive\Desktop\obbiydaalt\ShopGUI.java. Using fallback presentation compiler.
2026.05.20 08:34:49 INFO  no build target found for C:\Users\user\OneDrive\Desktop\obbiydaalt\ShopGUI.java. Using fallback presentation compiler.
2026.05.20 08:34:49 INFO  no build target found for C:\Users\user\OneDrive\Desktop\obbiydaalt\ShopGUI.java. Using fallback presentation compiler.
2026.05.20 08:35:55 INFO  no build target found for C:\Users\user\OneDrive\Desktop\obbiydaalt\ShopGUI.java. Using fallback presentation compiler.
2026.05.20 08:35:55 INFO  no build target found for C:\Users\user\OneDrive\Desktop\obbiydaalt\ShopGUI.java. Using fallback presentation compiler.
2026.05.20 08:36:25 INFO  no build target found for C:\Users\user\OneDrive\Desktop\obbiydaalt\ShopGUI.java. Using fallback presentation compiler.
2026.05.20 08:36:43 WARN  no build target for: C:\Users\user\OneDrive\Desktop\obbiydaalt\ProductCard.java
2026.05.20 08:36:43 INFO  no build target found for C:\Users\user\OneDrive\Desktop\obbiydaalt\ProductCard.java. Using fallback presentation compiler.
2026.05.20 08:36:43 INFO  no build target found for C:\Users\user\OneDrive\Desktop\obbiydaalt\ProductCard.java. Using fallback presentation compiler.
2026.05.20 08:36:43 INFO  no build target found for C:\Users\user\OneDrive\Desktop\obbiydaalt\ProductCard.java. Using fallback presentation compiler.
May 20, 2026 8:36:43 AM org.eclipse.lsp4j.jsonrpc.RemoteEndpoint handleCancellation
WARNING: Unmatched cancel notification for request id 5247
2026.05.20 08:36:43 INFO  no build target found for C:\Users\user\OneDrive\Desktop\obbiydaalt\ProductCard.java. Using fallback presentation compiler.
2026.05.20 08:36:43 INFO  no build target found for C:\Users\user\OneDrive\Desktop\obbiydaalt\ProductCard.java. Using fallback presentation compiler.
2026.05.20 08:36:50 INFO  no build target found for C:\Users\user\OneDrive\Desktop\obbiydaalt\ProductCard.java. Using fallback presentation compiler.
2026.05.20 08:36:50 INFO  no build target found for C:\Users\user\OneDrive\Desktop\obbiydaalt\ProductCard.java. Using fallback presentation compiler.
2026.05.20 08:36:55 INFO  no build target found for C:\Users\user\OneDrive\Desktop\obbiydaalt\ProductCard.java. Using fallback presentation compiler.
2026.05.20 08:36:55 INFO  no build target found for C:\Users\user\OneDrive\Desktop\obbiydaalt\ProductCard.java. Using fallback presentation compiler.
2026.05.20 08:36:58 INFO  no build target found for C:\Users\user\OneDrive\Desktop\obbiydaalt\ProductCard.java. Using fallback presentation compiler.
2026.05.20 08:38:13 INFO  no build target found for C:\Users\user\OneDrive\Desktop\obbiydaalt\ProductCard.java. Using fallback presentation compiler.
2026.05.20 08:38:13 INFO  no build target found for C:\Users\user\OneDrive\Desktop\obbiydaalt\ProductCard.java. Using fallback presentation compiler.
2026.05.20 08:38:13 INFO  no build target found for C:\Users\user\OneDrive\Desktop\obbiydaalt\ProductCard.java. Using fallback presentation compiler.
2026.05.20 08:38:13 INFO  no build target found for C:\Users\user\OneDrive\Desktop\obbiydaalt\ProductCard.java. Using fallback presentation compiler.
2026.05.20 08:38:13 INFO  no build target found for C:\Users\user\OneDrive\Desktop\obbiydaalt\ProductCard.java. Using fallback presentation compiler.
2026.05.20 08:38:14 INFO  no build target found for C:\Users\user\OneDrive\Desktop\obbiydaalt\ProductCard.java. Using fallback presentation compiler.
2026.05.20 08:38:14 WARN  no build target for: C:\Users\user\OneDrive\Desktop\obbiydaalt\ProductCard.java
2026.05.20 08:38:14 INFO  no build target found for C:\Users\user\OneDrive\Desktop\obbiydaalt\ProductCard.java. Using fallback presentation compiler.
2026.05.20 08:38:14 INFO  no build target found for C:\Users\user\OneDrive\Desktop\obbiydaalt\ProductCard.java. Using fallback presentation compiler.
2026.05.20 08:38:15 INFO  no build target found for C:\Users\user\OneDrive\Desktop\obbiydaalt\ProductCard.java. Using fallback presentation compiler.
2026.05.20 08:39:09 INFO  no build target found for C:\Users\user\OneDrive\Desktop\obbiydaalt\ProductCard.java. Using fallback presentation compiler.
2026.05.20 08:39:14 INFO  no build target found for C:\Users\user\OneDrive\Desktop\obbiydaalt\ProductCard.java. Using fallback presentation compiler.
2026.05.20 08:39:14 INFO  no build target found for C:\Users\user\OneDrive\Desktop\obbiydaalt\ProductCard.java. Using fallback presentation compiler.
2026.05.20 08:39:14 INFO  no build target found for C:\Users\user\OneDrive\Desktop\obbiydaalt\ProductCard.java. Using fallback presentation compiler.
2026.05.20 08:39:16 INFO  no build target found for C:\Users\user\OneDrive\Desktop\obbiydaalt\ProductCard.java. Using fallback presentation compiler.
2026.05.20 08:39:16 INFO  no build target found for C:\Users\user\OneDrive\Desktop\obbiydaalt\ProductCard.java. Using fallback presentation compiler.
2026.05.20 08:39:16 INFO  no build target found for C:\Users\user\OneDrive\Desktop\obbiydaalt\ProductCard.java. Using fallback presentation compiler.
2026.05.20 08:39:16 INFO  no build target found for C:\Users\user\OneDrive\Desktop\obbiydaalt\ProductCard.java. Using fallback presentation compiler.
2026.05.20 08:39:17 WARN  no build target for: C:\Users\user\OneDrive\Desktop\obbiydaalt\ProductCard.java
2026.05.20 08:39:17 INFO  no build target found for C:\Users\user\OneDrive\Desktop\obbiydaalt\ProductCard.java. Using fallback presentation compiler.
2026.05.20 08:39:43 INFO  no build target found for C:\Users\user\OneDrive\Desktop\obbiydaalt\ProductCard.java. Using fallback presentation compiler.
2026.05.20 08:40:13 INFO  no build target found for C:\Users\user\OneDrive\Desktop\obbiydaalt\ProductCard.java. Using fallback presentation compiler.
2026.05.20 08:40:15 INFO  no build target found for C:\Users\user\OneDrive\Desktop\obbiydaalt\ProductCard.java. Using fallback presentation compiler.
2026.05.20 08:40:17 INFO  no build target found for C:\Users\user\OneDrive\Desktop\obbiydaalt\ProductCard.java. Using fallback presentation compiler.
2026.05.20 08:40:22 INFO  no build target found for C:\Users\user\OneDrive\Desktop\obbiydaalt\ProductCard.java. Using fallback presentation compiler.
2026.05.20 08:40:38 INFO  no build target found for C:\Users\user\OneDrive\Desktop\obbiydaalt\ProductCard.java. Using fallback presentation compiler.
2026.05.20 08:41:08 INFO  no build target found for C:\Users\user\OneDrive\Desktop\obbiydaalt\ProductCard.java. Using fallback presentation compiler.
2026.05.20 08:41:08 INFO  no build target found for C:\Users\user\OneDrive\Desktop\obbiydaalt\ProductCard.java. Using fallback presentation compiler.
2026.05.20 08:41:57 INFO  no build target found for C:\Users\user\OneDrive\Desktop\obbiydaalt\ProductCard.java. Using fallback presentation compiler.
2026.05.20 08:41:58 INFO  no build target found for C:\Users\user\OneDrive\Desktop\obbiydaalt\ProductCard.java. Using fallback presentation compiler.
2026.05.20 08:42:59 INFO  no build target found for C:\Users\user\OneDrive\Desktop\obbiydaalt\ProductCard.java. Using fallback presentation compiler.
2026.05.20 08:42:59 INFO  no build target found for C:\Users\user\OneDrive\Desktop\obbiydaalt\ProductCard.java. Using fallback presentation compiler.
2026.05.20 08:43:02 INFO  no build target found for C:\Users\user\OneDrive\Desktop\obbiydaalt\ProductCard.java. Using fallback presentation compiler.
May 20, 2026 8:43:07 AM org.eclipse.lsp4j.jsonrpc.RemoteEndpoint handleCancellation
WARNING: Unmatched cancel notification for request id 6049
2026.05.20 08:44:21 INFO  no build target found for C:\Users\user\OneDrive\Desktop\obbiydaalt\ProductCard.java. Using fallback presentation compiler.
2026.05.20 08:44:50 INFO  no build target found for C:\Users\user\OneDrive\Desktop\obbiydaalt\ProductCard.java. Using fallback presentation compiler.
2026.05.20 08:44:52 INFO  no build target found for C:\Users\user\OneDrive\Desktop\obbiydaalt\ProductCard.java. Using fallback presentation compiler.
2026.05.20 08:44:56 WARN  no build target for: C:\Users\user\OneDrive\Desktop\obbiydaalt\Product.java
2026.05.20 08:44:56 INFO  no build target found for C:\Users\user\OneDrive\Desktop\obbiydaalt\Product.java. Using fallback presentation compiler.
2026.05.20 08:44:56 INFO  no build target found for C:\Users\user\OneDrive\Desktop\obbiydaalt\Product.java. Using fallback presentation compiler.
2026.05.20 08:44:56 INFO  no build target found for C:\Users\user\OneDrive\Desktop\obbiydaalt\Product.java. Using fallback presentation compiler.
2026.05.20 08:44:56 INFO  no build target found for C:\Users\user\OneDrive\Desktop\obbiydaalt\Product.java. Using fallback presentation compiler.
2026.05.20 08:44:57 INFO  no build target found for C:\Users\user\OneDrive\Desktop\obbiydaalt\Product.java. Using fallback presentation compiler.
2026.05.20 08:44:56 INFO  no build target found for C:\Users\user\OneDrive\Desktop\obbiydaalt\Product.java. Using fallback presentation compiler.
2026.05.20 08:44:58 INFO  no build target found for C:\Users\user\OneDrive\Desktop\obbiydaalt\Product.java. Using fallback presentation compiler.
2026.05.20 08:45:15 INFO  no build target found for C:\Users\user\OneDrive\Desktop\obbiydaalt\Product.java. Using fallback presentation compiler.
2026.05.20 08:45:18 WARN  no build target for: C:\Users\user\OneDrive\Desktop\obbiydaalt\ShopManager.java
2026.05.20 08:45:18 INFO  no build target found for C:\Users\user\OneDrive\Desktop\obbiydaalt\ShopManager.java. Using fallback presentation compiler.
May 20, 2026 8:45:18 AM org.eclipse.lsp4j.jsonrpc.RemoteEndpoint handleCancellation
WARNING: Unmatched cancel notification for request id 6282
2026.05.20 08:45:18 INFO  no build target found for C:\Users\user\OneDrive\Desktop\obbiydaalt\ShopManager.java. Using fallback presentation compiler.
2026.05.20 08:45:18 INFO  no build target found for C:\Users\user\OneDrive\Desktop\obbiydaalt\ShopManager.java. Using fallback presentation compiler.
2026.05.20 08:45:18 INFO  no build target found for C:\Users\user\OneDrive\Desktop\obbiydaalt\ShopManager.java. Using fallback presentation compiler.
2026.05.20 08:45:19 INFO  no build target found for C:\Users\user\OneDrive\Desktop\obbiydaalt\ShopManager.java. Using fallback presentation compiler.
2026.05.20 08:45:38 INFO  no build target found for C:\Users\user\OneDrive\Desktop\obbiydaalt\ShopManager.java. Using fallback presentation compiler.
2026.05.20 08:47:41 INFO  no build target found for C:\Users\user\OneDrive\Desktop\obbiydaalt\ShopManager.java. Using fallback presentation compiler.
2026.05.20 08:47:41 INFO  no build target found for C:\Users\user\OneDrive\Desktop\obbiydaalt\ShopManager.java. Using fallback presentation compiler.
2026.05.20 08:47:43 INFO  no build target found for C:\Users\user\OneDrive\Desktop\obbiydaalt\ShopManager.java. Using fallback presentation compiler.
2026.05.20 08:47:43 INFO  no build target found for C:\Users\user\OneDrive\Desktop\obbiydaalt\ShopManager.java. Using fallback presentation compiler.
2026.05.20 08:47:43 INFO  no build target found for C:\Users\user\OneDrive\Desktop\obbiydaalt\ShopManager.java. Using fallback presentation compiler.
2026.05.20 08:47:43 INFO  no build target found for C:\Users\user\OneDrive\Desktop\obbiydaalt\ShopManager.java. Using fallback presentation compiler.
2026.05.20 08:47:43 INFO  no build target found for C:\Users\user\OneDrive\Desktop\obbiydaalt\ShopManager.java. Using fallback presentation compiler.
2026.05.20 08:47:43 INFO  no build target found for C:\Users\user\OneDrive\Desktop\obbiydaalt\ShopManager.java. Using fallback presentation compiler.
2026.05.20 08:47:43 INFO  no build target found for C:\Users\user\OneDrive\Desktop\obbiydaalt\ShopManager.java. Using fallback presentation compiler.
2026.05.20 08:47:44 INFO  no build target found for C:\Users\user\OneDrive\Desktop\obbiydaalt\ShopManager.java. Using fallback presentation compiler.
2026.05.20 08:47:44 INFO  no build target found for C:\Users\user\OneDrive\Desktop\obbiydaalt\ShopManager.java. Using fallback presentation compiler.
2026.05.20 08:47:44 INFO  no build target found for C:\Users\user\OneDrive\Desktop\obbiydaalt\ShopManager.java. Using fallback presentation compiler.
2026.05.20 08:47:44 INFO  no build target found for C:\Users\user\OneDrive\Desktop\obbiydaalt\ShopManager.java. Using fallback presentation compiler.
2026.05.20 08:47:45 INFO  no build target found for C:\Users\user\OneDrive\Desktop\obbiydaalt\ShopManager.java. Using fallback presentation compiler.
2026.05.20 08:47:44 INFO  no build target found for C:\Users\user\OneDrive\Desktop\obbiydaalt\ShopManager.java. Using fallback presentation compiler.
2026.05.20 08:47:45 INFO  no build target found for C:\Users\user\OneDrive\Desktop\obbiydaalt\ShopManager.java. Using fallback presentation compiler.
2026.05.20 08:47:45 INFO  no build target found for C:\Users\user\OneDrive\Desktop\obbiydaalt\ShopManager.java. Using fallback presentation compiler.
2026.05.20 08:47:45 INFO  no build target found for C:\Users\user\OneDrive\Desktop\obbiydaalt\ShopManager.java. Using fallback presentation compiler.
2026.05.20 08:47:45 INFO  no build target found for C:\Users\user\OneDrive\Desktop\obbiydaalt\ShopManager.java. Using fallback presentation compiler.
2026.05.20 08:47:45 INFO  no build target found for C:\Users\user\OneDrive\Desktop\obbiydaalt\ShopManager.java. Using fallback presentation compiler.
2026.05.20 08:47:45 INFO  no build target found for C:\Users\user\OneDrive\Desktop\obbiydaalt\ShopManager.java. Using fallback presentation compiler.
2026.05.20 08:47:46 INFO  no build target found for C:\Users\user\OneDrive\Desktop\obbiydaalt\ShopManager.java. Using fallback presentation compiler.
2026.05.20 08:47:46 WARN  no build target for: C:\Users\user\OneDrive\Desktop\obbiydaalt\ShopManager.java
2026.05.20 08:47:47 INFO  no build target found for C:\Users\user\OneDrive\Desktop\obbiydaalt\ShopManager.java. Using fallback presentation compiler.
2026.05.20 08:47:47 WARN  no build target for: C:\Users\user\OneDrive\Desktop\obbiydaalt\ShopManager.java
2026.05.20 08:47:47 INFO  no build target found for C:\Users\user\OneDrive\Desktop\obbiydaalt\ShopManager.java. Using fallback presentation compiler.
2026.05.20 08:49:12 INFO  no build target found for C:\Users\user\OneDrive\Desktop\obbiydaalt\ShopManager.java. Using fallback presentation compiler.
2026.05.20 08:49:12 INFO  no build target found for C:\Users\user\OneDrive\Desktop\obbiydaalt\ShopManager.java. Using fallback presentation compiler.
2026.05.20 08:49:12 INFO  no build target found for C:\Users\user\OneDrive\Desktop\obbiydaalt\ShopManager.java. Using fallback presentation compiler.
2026.05.20 08:49:12 INFO  no build target found for C:\Users\user\OneDrive\Desktop\obbiydaalt\ShopManager.java. Using fallback presentation compiler.
2026.05.20 08:49:15 INFO  no build target found for C:\Users\user\OneDrive\Desktop\obbiydaalt\ShopManager.java. Using fallback presentation compiler.
2026.05.20 08:49:15 INFO  no build target found for C:\Users\user\OneDrive\Desktop\obbiydaalt\ShopManager.java. Using fallback presentation compiler.
2026.05.20 08:49:15 INFO  no build target found for C:\Users\user\OneDrive\Desktop\obbiydaalt\ShopManager.java. Using fallback presentation compiler.
2026.05.20 08:49:16 WARN  no build target for: C:\Users\user\OneDrive\Desktop\obbiydaalt\ShopManager.java
2026.05.20 08:49:16 INFO  no build target found for C:\Users\user\OneDrive\Desktop\obbiydaalt\ShopManager.java. Using fallback presentation compiler.
2026.05.20 08:49:16 INFO  no build target found for C:\Users\user\OneDrive\Desktop\obbiydaalt\ShopManager.java. Using fallback presentation compiler.
2026.05.20 08:49:16 INFO  no build target found for C:\Users\user\OneDrive\Desktop\obbiydaalt\ShopManager.java. Using fallback presentation compiler.
2026.05.20 08:49:16 INFO  no build target found for C:\Users\user\OneDrive\Desktop\obbiydaalt\ShopManager.java. Using fallback presentation compiler.
2026.05.20 08:50:29 WARN  no build target for: C:\Users\user\OneDrive\Desktop\obbiydaalt\Main.java
2026.05.20 08:50:29 INFO  no build target found for C:\Users\user\OneDrive\Desktop\obbiydaalt\Main.java. Using fallback presentation compiler.
2026.05.20 08:50:29 INFO  no build target found for C:\Users\user\OneDrive\Desktop\obbiydaalt\Main.java. Using fallback presentation compiler.
2026.05.20 08:50:29 INFO  no build target found for C:\Users\user\OneDrive\Desktop\obbiydaalt\Main.java. Using fallback presentation compiler.
2026.05.20 08:50:29 INFO  no build target found for C:\Users\user\OneDrive\Desktop\obbiydaalt\Main.java. Using fallback presentation compiler.
2026.05.20 08:50:30 INFO  no build target found for C:\Users\user\OneDrive\Desktop\obbiydaalt\Main.java. Using fallback presentation compiler.
2026.05.20 08:50:29 INFO  no build target found for C:\Users\user\OneDrive\Desktop\obbiydaalt\Main.java. Using fallback presentation compiler.
2026.05.20 08:50:31 INFO  no build target found for C:\Users\user\OneDrive\Desktop\obbiydaalt\Main.java. Using fallback presentation compiler.
2026.05.20 08:50:37 INFO  no build target found for C:\Users\user\OneDrive\Desktop\obbiydaalt\Main.java. Using fallback presentation compiler.
2026.05.20 08:50:37 INFO  no build target found for C:\Users\user\OneDrive\Desktop\obbiydaalt\Main.java. Using fallback presentation compiler.
2026.05.20 08:50:37 INFO  no build target found for C:\Users\user\OneDrive\Desktop\obbiydaalt\Main.java. Using fallback presentation compiler.
2026.05.20 08:50:37 INFO  no build target found for C:\Users\user\OneDrive\Desktop\obbiydaalt\Main.java. Using fallback presentation compiler.
2026.05.20 08:50:38 WARN  no build target for: C:\Users\user\OneDrive\Desktop\obbiydaalt\Main.java
2026.05.20 08:50:38 INFO  no build target found for C:\Users\user\OneDrive\Desktop\obbiydaalt\Main.java. Using fallback presentation compiler.
2026.05.20 08:50:38 WARN  no build target for: C:\Users\user\OneDrive\Desktop\obbiydaalt\Main.java
2026.05.20 08:50:38 INFO  no build target found for C:\Users\user\OneDrive\Desktop\obbiydaalt\Main.java. Using fallback presentation compiler.
2026.05.20 08:50:53 INFO  no build target found for C:\Users\user\OneDrive\Desktop\obbiydaalt\Main.java. Using fallback presentation compiler.
2026.05.20 08:50:54 INFO  no build target found for C:\Users\user\OneDrive\Desktop\obbiydaalt\ShopManager.java. Using fallback presentation compiler.
2026.05.20 08:50:54 WARN  no build target for: C:\Users\user\OneDrive\Desktop\obbiydaalt\ShopManager.java
2026.05.20 08:50:54 INFO  no build target found for C:\Users\user\OneDrive\Desktop\obbiydaalt\ShopManager.java. Using fallback presentation compiler.
2026.05.20 08:50:54 INFO  no build target found for C:\Users\user\OneDrive\Desktop\obbiydaalt\ShopManager.java. Using fallback presentation compiler.
2026.05.20 08:50:54 INFO  no build target found for C:\Users\user\OneDrive\Desktop\obbiydaalt\ShopManager.java. Using fallback presentation compiler.
2026.05.20 08:51:04 INFO  no build target found for C:\Users\user\OneDrive\Desktop\obbiydaalt\ShopManager.java. Using fallback presentation compiler.
2026.05.20 08:51:04 INFO  no build target found for C:\Users\user\OneDrive\Desktop\obbiydaalt\ShopManager.java. Using fallback presentation compiler.
2026.05.20 08:51:04 INFO  no build target found for C:\Users\user\OneDrive\Desktop\obbiydaalt\ShopManager.java. Using fallback presentation compiler.
2026.05.20 08:51:04 INFO  no build target found for C:\Users\user\OneDrive\Desktop\obbiydaalt\ShopManager.java. Using fallback presentation compiler.
2026.05.20 08:51:04 INFO  no build target found for C:\Users\user\OneDrive\Desktop\obbiydaalt\ShopManager.java. Using fallback presentation compiler.
2026.05.20 08:51:05 WARN  no build target for: C:\Users\user\OneDrive\Desktop\obbiydaalt\ShopManager.java
2026.05.20 08:51:05 INFO  no build target found for C:\Users\user\OneDrive\Desktop\obbiydaalt\ShopManager.java. Using fallback presentation compiler.
2026.05.20 08:51:06 INFO  no build target found for C:\Users\user\OneDrive\Desktop\obbiydaalt\ShopManager.java. Using fallback presentation compiler.
2026.05.20 08:51:06 INFO  no build target found for C:\Users\user\OneDrive\Desktop\obbiydaalt\ShopManager.java. Using fallback presentation compiler.
2026.05.20 08:51:07 WARN  no build target for: C:\Users\user\OneDrive\Desktop\obbiydaalt\ShopManager.java
2026.05.20 08:51:07 INFO  no build target found for C:\Users\user\OneDrive\Desktop\obbiydaalt\ShopManager.java. Using fallback presentation compiler.
2026.05.20 08:51:07 INFO  no build target found for C:\Users\user\OneDrive\Desktop\obbiydaalt\ShopManager.java. Using fallback presentation compiler.
2026.05.20 08:51:07 INFO  no build target found for C:\Users\user\OneDrive\Desktop\obbiydaalt\ShopManager.java. Using fallback presentation compiler.
2026.05.20 08:51:07 INFO  no build target found for C:\Users\user\OneDrive\Desktop\obbiydaalt\ShopManager.java. Using fallback presentation compiler.
2026.05.20 08:51:08 INFO  no build target found for C:\Users\user\OneDrive\Desktop\obbiydaalt\ShopManager.java. Using fallback presentation compiler.
2026.05.20 08:51:07 INFO  no build target found for C:\Users\user\OneDrive\Desktop\obbiydaalt\ShopManager.java. Using fallback presentation compiler.
2026.05.20 08:51:07 INFO  no build target found for C:\Users\user\OneDrive\Desktop\obbiydaalt\ShopManager.java. Using fallback presentation compiler.
2026.05.20 08:51:08 INFO  no build target found for C:\Users\user\OneDrive\Desktop\obbiydaalt\ShopManager.java. Using fallback presentation compiler.
2026.05.20 08:51:09 INFO  no build target found for C:\Users\user\OneDrive\Desktop\obbiydaalt\ShopManager.java. Using fallback presentation compiler.
2026.05.20 08:51:08 INFO  no build target found for C:\Users\user\OneDrive\Desktop\obbiydaalt\ShopManager.java. Using fallback presentation compiler.
2026.05.20 08:51:08 INFO  no build target found for C:\Users\user\OneDrive\Desktop\obbiydaalt\ShopManager.java. Using fallback presentation compiler.
2026.05.20 08:51:09 WARN  no build target for: C:\Users\user\OneDrive\Desktop\obbiydaalt\ShopManager.java
2026.05.20 08:51:09 INFO  Created report: Optional[file:///C:/Users/user/OneDrive/Desktop/obbiydaalt/ShopManager.java]
2026.05.20 08:51:09 INFO  QDox parse error in file:///C:/Users/user/OneDrive/Desktop/obbiydaalt/ShopManager.java (full report at: "C:\Users\user\OneDrive\Desktop\obbiydaalt\.metals\.reports\metals-full\2026-05-20\r_qdox-error_08-51-09-978.md")
2026.05.20 08:51:09 INFO  no build target found for C:\Users\user\OneDrive\Desktop\obbiydaalt\ShopManager.java. Using fallback presentation compiler.
2026.05.20 08:51:10 INFO  no build target found for C:\Users\user\OneDrive\Desktop\obbiydaalt\ShopManager.java. Using fallback presentation compiler.
2026.05.20 08:51:12 INFO  no build target found for C:\Users\user\OneDrive\Desktop\obbiydaalt\ShopManager.java. Using fallback presentation compiler.
2026.05.20 08:51:12 INFO  no build target found for C:\Users\user\OneDrive\Desktop\obbiydaalt\ShopManager.java. Using fallback presentation compiler.
May 20, 2026 8:51:12 AM org.eclipse.lsp4j.jsonrpc.RemoteEndpoint handleCancellation
WARNING: Unmatched cancel notification for request id 6779
2026.05.20 08:51:12 INFO  no build target found for C:\Users\user\OneDrive\Desktop\obbiydaalt\ShopManager.java. Using fallback presentation compiler.
2026.05.20 08:51:12 WARN  Running javac-semanticdb failed for file:///C:/Users/user/OneDrive/Desktop/obbiydaalt/ShopManager.java. Output:

2026.05.20 08:51:12 INFO  no build target found for C:\Users\user\OneDrive\Desktop\obbiydaalt\ShopManager.java. Using fallback presentation compiler.
2026.05.20 08:51:12 INFO  no build target found for C:\Users\user\OneDrive\Desktop\obbiydaalt\ShopManager.java. Using fallback presentation compiler.
2026.05.20 08:51:12 INFO  no build target found for C:\Users\user\OneDrive\Desktop\obbiydaalt\ShopManager.java. Using fallback presentation compiler.
2026.05.20 08:51:12 INFO  no build target found for C:\Users\user\OneDrive\Desktop\obbiydaalt\ShopManager.java. Using fallback presentation compiler.
2026.05.20 08:51:12 WARN  Running javac-semanticdb failed for file:///C:/Users/user/OneDrive/Desktop/obbiydaalt/ShopManager.java. Output:

2026.05.20 08:51:13 WARN  no build target for: C:\Users\user\OneDrive\Desktop\obbiydaalt\ShopManager.java
2026.05.20 08:51:13 INFO  QDox parse error in file:///C:/Users/user/OneDrive/Desktop/obbiydaalt/ShopManager.java (full report at: "C:\Users\user\OneDrive\Desktop\obbiydaalt\.metals\.reports\metals-full\2026-05-20\r_qdox-error_08-51-09-978.md")
2026.05.20 08:51:13 INFO  no build target found for C:\Users\user\OneDrive\Desktop\obbiydaalt\ShopManager.java. Using fallback presentation compiler.
2026.05.20 08:51:14 INFO  no build target found for C:\Users\user\OneDrive\Desktop\obbiydaalt\ShopManager.java. Using fallback presentation compiler.
2026.05.20 08:51:14 INFO  no build target found for C:\Users\user\OneDrive\Desktop\obbiydaalt\ShopManager.java. Using fallback presentation compiler.
2026.05.20 08:51:14 INFO  no build target found for C:\Users\user\OneDrive\Desktop\obbiydaalt\ShopManager.java. Using fallback presentation compiler.
2026.05.20 08:51:14 WARN  Running javac-semanticdb failed for file:///C:/Users/user/OneDrive/Desktop/obbiydaalt/ShopManager.java. Output:

2026.05.20 08:51:14 INFO  no build target found for C:\Users\user\OneDrive\Desktop\obbiydaalt\ShopManager.java. Using fallback presentation compiler.
2026.05.20 08:51:14 INFO  no build target found for C:\Users\user\OneDrive\Desktop\obbiydaalt\ShopManager.java. Using fallback presentation compiler.
2026.05.20 08:51:14 INFO  no build target found for C:\Users\user\OneDrive\Desktop\obbiydaalt\ShopManager.java. Using fallback presentation compiler.
2026.05.20 08:51:14 WARN  Running javac-semanticdb failed for file:///C:/Users/user/OneDrive/Desktop/obbiydaalt/ShopManager.java. Output:

2026.05.20 08:51:15 INFO  no build target found for C:\Users\user\OneDrive\Desktop\obbiydaalt\ShopManager.java. Using fallback presentation compiler.
2026.05.20 08:51:15 INFO  no build target found for C:\Users\user\OneDrive\Desktop\obbiydaalt\ShopManager.java. Using fallback presentation compiler.
2026.05.20 08:51:15 WARN  no build target for: C:\Users\user\OneDrive\Desktop\obbiydaalt\ShopManager.java
2026.05.20 08:51:15 INFO  QDox parse error in file:///C:/Users/user/OneDrive/Desktop/obbiydaalt/ShopManager.java (full report at: "C:\Users\user\OneDrive\Desktop\obbiydaalt\.metals\.reports\metals-full\2026-05-20\r_qdox-error_08-51-09-978.md")
2026.05.20 08:51:15 INFO  no build target found for C:\Users\user\OneDrive\Desktop\obbiydaalt\ShopManager.java. Using fallback presentation compiler.
2026.05.20 08:51:15 INFO  no build target found for C:\Users\user\OneDrive\Desktop\obbiydaalt\ShopManager.java. Using fallback presentation compiler.
2026.05.20 08:51:15 INFO  no build target found for C:\Users\user\OneDrive\Desktop\obbiydaalt\ShopManager.java. Using fallback presentation compiler.
2026.05.20 08:51:16 INFO  no build target found for C:\Users\user\OneDrive\Desktop\obbiydaalt\ShopManager.java. Using fallback presentation compiler.
2026.05.20 08:51:15 INFO  no build target found for C:\Users\user\OneDrive\Desktop\obbiydaalt\ShopManager.java. Using fallback presentation compiler.
2026.05.20 08:51:16 WARN  Running javac-semanticdb failed for file:///C:/Users/user/OneDrive/Desktop/obbiydaalt/ShopManager.java. Output:

2026.05.20 08:51:16 INFO  no build target found for C:\Users\user\OneDrive\Desktop\obbiydaalt\ShopManager.java. Using fallback presentation compiler.
2026.05.20 08:51:16 INFO  no build target found for C:\Users\user\OneDrive\Desktop\obbiydaalt\ShopManager.java. Using fallback presentation compiler.
2026.05.20 08:51:17 INFO  no build target found for C:\Users\user\OneDrive\Desktop\obbiydaalt\ShopManager.java. Using fallback presentation compiler.
2026.05.20 08:51:16 INFO  no build target found for C:\Users\user\OneDrive\Desktop\obbiydaalt\ShopManager.java. Using fallback presentation compiler.
2026.05.20 08:51:17 WARN  Running javac-semanticdb failed for file:///C:/Users/user/OneDrive/Desktop/obbiydaalt/ShopManager.java. Output:

2026.05.20 08:51:16 INFO  no build target found for C:\Users\user\OneDrive\Desktop\obbiydaalt\ShopManager.java. Using fallback presentation compiler.
2026.05.20 08:51:16 INFO  no build target found for C:\Users\user\OneDrive\Desktop\obbiydaalt\ShopManager.java. Using fallback presentation compiler.
2026.05.20 08:51:17 WARN  Running javac-semanticdb failed for file:///C:/Users/user/OneDrive/Desktop/obbiydaalt/ShopManager.java. Output:

2026.05.20 08:51:17 INFO  no build target found for C:\Users\user\OneDrive\Desktop\obbiydaalt\ShopManager.java. Using fallback presentation compiler.
2026.05.20 08:51:18 INFO  no build target found for C:\Users\user\OneDrive\Desktop\obbiydaalt\ShopManager.java. Using fallback presentation compiler.
2026.05.20 08:51:18 INFO  no build target found for C:\Users\user\OneDrive\Desktop\obbiydaalt\ShopManager.java. Using fallback presentation compiler.
2026.05.20 08:51:18 INFO  no build target found for C:\Users\user\OneDrive\Desktop\obbiydaalt\ShopManager.java. Using fallback presentation compiler.
2026.05.20 08:51:18 WARN  Running javac-semanticdb failed for file:///C:/Users/user/OneDrive/Desktop/obbiydaalt/ShopManager.java. Output:

2026.05.20 08:51:18 INFO  no build target found for C:\Users\user\OneDrive\Desktop\obbiydaalt\ShopManager.java. Using fallback presentation compiler.
2026.05.20 08:51:18 INFO  no build target found for C:\Users\user\OneDrive\Desktop\obbiydaalt\ShopManager.java. Using fallback presentation compiler.
2026.05.20 08:51:19 INFO  no build target found for C:\Users\user\OneDrive\Desktop\obbiydaalt\ShopManager.java. Using fallback presentation compiler.
2026.05.20 08:51:19 WARN  Running javac-semanticdb failed for file:///C:/Users/user/OneDrive/Desktop/obbiydaalt/ShopManager.java. Output:

2026.05.20 08:51:19 INFO  no build target found for C:\Users\user\OneDrive\Desktop\obbiydaalt\ShopManager.java. Using fallback presentation compiler.
2026.05.20 08:51:19 INFO  no build target found for C:\Users\user\OneDrive\Desktop\obbiydaalt\ShopManager.java. Using fallback presentation compiler.
2026.05.20 08:51:19 INFO  no build target found for C:\Users\user\OneDrive\Desktop\obbiydaalt\ShopManager.java. Using fallback presentation compiler.
2026.05.20 08:51:19 INFO  no build target found for C:\Users\user\OneDrive\Desktop\obbiydaalt\ShopManager.java. Using fallback presentation compiler.
2026.05.20 08:51:19 WARN  Running javac-semanticdb failed for file:///C:/Users/user/OneDrive/Desktop/obbiydaalt/ShopManager.java. Output:

2026.05.20 08:51:19 INFO  no build target found for C:\Users\user\OneDrive\Desktop\obbiydaalt\ShopManager.java. Using fallback presentation compiler.
2026.05.20 08:51:19 INFO  no build target found for C:\Users\user\OneDrive\Desktop\obbiydaalt\ShopManager.java. Using fallback presentation compiler.
2026.05.20 08:51:19 INFO  no build target found for C:\Users\user\OneDrive\Desktop\obbiydaalt\ShopManager.java. Using fallback presentation compiler.
2026.05.20 08:51:19 INFO  no build target found for C:\Users\user\OneDrive\Desktop\obbiydaalt\ShopManager.java. Using fallback presentation compiler.
2026.05.20 08:51:19 INFO  no build target found for C:\Users\user\OneDrive\Desktop\obbiydaalt\ShopManager.java. Using fallback presentation compiler.
2026.05.20 08:51:19 INFO  no build target found for C:\Users\user\OneDrive\Desktop\obbiydaalt\ShopManager.java. Using fallback presentation compiler.
2026.05.20 08:51:20 INFO  no build target found for C:\Users\user\OneDrive\Desktop\obbiydaalt\ShopManager.java. Using fallback presentation compiler.
2026.05.20 08:51:20 INFO  no build target found for C:\Users\user\OneDrive\Desktop\obbiydaalt\ShopManager.java. Using fallback presentation compiler.
2026.05.20 08:51:20 INFO  no build target found for C:\Users\user\OneDrive\Desktop\obbiydaalt\ShopManager.java. Using fallback presentation compiler.
2026.05.20 08:51:19 WARN  Running javac-semanticdb failed for file:///C:/Users/user/OneDrive/Desktop/obbiydaalt/ShopManager.java. Output:

2026.05.20 08:51:20 INFO  no build target found for C:\Users\user\OneDrive\Desktop\obbiydaalt\ShopManager.java. Using fallback presentation compiler.
2026.05.20 08:51:21 WARN  no build target for: C:\Users\user\OneDrive\Desktop\obbiydaalt\ShopManager.java
2026.05.20 08:51:21 INFO  QDox parse error in file:///C:/Users/user/OneDrive/Desktop/obbiydaalt/ShopManager.java (full report at: "C:\Users\user\OneDrive\Desktop\obbiydaalt\.metals\.reports\metals-full\2026-05-20\r_qdox-error_08-51-09-978.md")
2026.05.20 08:51:21 INFO  no build target found for C:\Users\user\OneDrive\Desktop\obbiydaalt\ShopManager.java. Using fallback presentation compiler.
2026.05.20 08:51:22 INFO  no build target found for C:\Users\user\OneDrive\Desktop\obbiydaalt\ShopManager.java. Using fallback presentation compiler.
2026.05.20 08:51:22 INFO  no build target found for C:\Users\user\OneDrive\Desktop\obbiydaalt\ShopManager.java. Using fallback presentation compiler.
2026.05.20 08:51:22 INFO  no build target found for C:\Users\user\OneDrive\Desktop\obbiydaalt\ShopManager.java. Using fallback presentation compiler.
2026.05.20 08:51:22 INFO  no build target found for C:\Users\user\OneDrive\Desktop\obbiydaalt\ShopManager.java. Using fallback presentation compiler.
2026.05.20 08:51:22 WARN  Running javac-semanticdb failed for file:///C:/Users/user/OneDrive/Desktop/obbiydaalt/ShopManager.java. Output:

2026.05.20 08:51:22 INFO  no build target found for C:\Users\user\OneDrive\Desktop\obbiydaalt\ShopManager.java. Using fallback presentation compiler.
2026.05.20 08:51:22 INFO  no build target found for C:\Users\user\OneDrive\Desktop\obbiydaalt\ShopManager.java. Using fallback presentation compiler.
2026.05.20 08:51:22 INFO  no build target found for C:\Users\user\OneDrive\Desktop\obbiydaalt\ShopManager.java. Using fallback presentation compiler.
2026.05.20 08:51:22 WARN  Running javac-semanticdb failed for file:///C:/Users/user/OneDrive/Desktop/obbiydaalt/ShopManager.java. Output:

2026.05.20 08:51:22 INFO  no build target found for C:\Users\user\OneDrive\Desktop\obbiydaalt\ShopManager.java. Using fallback presentation compiler.
2026.05.20 08:51:22 INFO  no build target found for C:\Users\user\OneDrive\Desktop\obbiydaalt\ShopManager.java. Using fallback presentation compiler.
2026.05.20 08:51:22 INFO  no build target found for C:\Users\user\OneDrive\Desktop\obbiydaalt\ShopManager.java. Using fallback presentation compiler.
2026.05.20 08:51:23 INFO  no build target found for C:\Users\user\OneDrive\Desktop\obbiydaalt\ShopManager.java. Using fallback presentation compiler.
2026.05.20 08:51:23 WARN  Running javac-semanticdb failed for file:///C:/Users/user/OneDrive/Desktop/obbiydaalt/ShopManager.java. Output:

2026.05.20 08:51:22 INFO  no build target found for C:\Users\user\OneDrive\Desktop\obbiydaalt\ShopManager.java. Using fallback presentation compiler.
2026.05.20 08:51:23 INFO  no build target found for C:\Users\user\OneDrive\Desktop\obbiydaalt\ShopManager.java. Using fallback presentation compiler.
2026.05.20 08:51:23 INFO  no build target found for C:\Users\user\OneDrive\Desktop\obbiydaalt\ShopManager.java. Using fallback presentation compiler.
2026.05.20 08:51:23 INFO  no build target found for C:\Users\user\OneDrive\Desktop\obbiydaalt\ShopManager.java. Using fallback presentation compiler.
2026.05.20 08:51:23 INFO  no build target found for C:\Users\user\OneDrive\Desktop\obbiydaalt\ShopManager.java. Using fallback presentation compiler.
2026.05.20 08:51:23 WARN  Running javac-semanticdb failed for file:///C:/Users/user/OneDrive/Desktop/obbiydaalt/ShopManager.java. Output:

2026.05.20 08:51:23 INFO  no build target found for C:\Users\user\OneDrive\Desktop\obbiydaalt\ShopManager.java. Using fallback presentation compiler.
2026.05.20 08:51:23 INFO  no build target found for C:\Users\user\OneDrive\Desktop\obbiydaalt\ShopManager.java. Using fallback presentation compiler.
2026.05.20 08:51:24 INFO  no build target found for C:\Users\user\OneDrive\Desktop\obbiydaalt\ShopManager.java. Using fallback presentation compiler.
2026.05.20 08:51:24 INFO  no build target found for C:\Users\user\OneDrive\Desktop\obbiydaalt\ShopManager.java. Using fallback presentation compiler.
2026.05.20 08:51:24 INFO  no build target found for C:\Users\user\OneDrive\Desktop\obbiydaalt\ShopManager.java. Using fallback presentation compiler.
2026.05.20 08:51:24 INFO  no build target found for C:\Users\user\OneDrive\Desktop\obbiydaalt\ShopManager.java. Using fallback presentation compiler.
2026.05.20 08:51:24 WARN  Running javac-semanticdb failed for file:///C:/Users/user/OneDrive/Desktop/obbiydaalt/ShopManager.java. Output:

2026.05.20 08:51:24 INFO  no build target found for C:\Users\user\OneDrive\Desktop\obbiydaalt\ShopManager.java. Using fallback presentation compiler.
2026.05.20 08:51:25 WARN  no build target for: C:\Users\user\OneDrive\Desktop\obbiydaalt\ShopManager.java
2026.05.20 08:51:24 INFO  QDox parse error in file:///C:/Users/user/OneDrive/Desktop/obbiydaalt/ShopManager.java (full report at: "C:\Users\user\OneDrive\Desktop\obbiydaalt\.metals\.reports\metals-full\2026-05-20\r_qdox-error_08-51-09-978.md")
2026.05.20 08:51:25 INFO  no build target found for C:\Users\user\OneDrive\Desktop\obbiydaalt\ShopManager.java. Using fallback presentation compiler.
2026.05.20 08:51:26 INFO  no build target found for C:\Users\user\OneDrive\Desktop\obbiydaalt\ShopManager.java. Using fallback presentation compiler.
2026.05.20 08:51:28 INFO  no build target found for C:\Users\user\OneDrive\Desktop\obbiydaalt\ShopManager.java. Using fallback presentation compiler.
2026.05.20 08:51:28 INFO  no build target found for C:\Users\user\OneDrive\Desktop\obbiydaalt\ShopManager.java. Using fallback presentation compiler.
2026.05.20 08:51:29 INFO  no build target found for C:\Users\user\OneDrive\Desktop\obbiydaalt\ShopManager.java. Using fallback presentation compiler.
2026.05.20 08:51:29 INFO  no build target found for C:\Users\user\OneDrive\Desktop\obbiydaalt\ShopManager.java. Using fallback presentation compiler.
2026.05.20 08:51:31 INFO  no build target found for C:\Users\user\OneDrive\Desktop\obbiydaalt\ShopManager.java. Using fallback presentation compiler.
2026.05.20 08:51:31 INFO  no build target found for C:\Users\user\OneDrive\Desktop\obbiydaalt\ShopManager.java. Using fallback presentation compiler.
2026.05.20 08:51:31 INFO  no build target found for C:\Users\user\OneDrive\Desktop\obbiydaalt\ShopManager.java. Using fallback presentation compiler.
2026.05.20 08:51:31 WARN  Running javac-semanticdb failed for file:///C:/Users/user/OneDrive/Desktop/obbiydaalt/ShopManager.java. Output:

2026.05.20 08:51:31 INFO  no build target found for C:\Users\user\OneDrive\Desktop\obbiydaalt\ShopManager.java. Using fallback presentation compiler.
2026.05.20 08:51:31 INFO  no build target found for C:\Users\user\OneDrive\Desktop\obbiydaalt\ShopManager.java. Using fallback presentation compiler.
2026.05.20 08:51:31 INFO  no build target found for C:\Users\user\OneDrive\Desktop\obbiydaalt\ShopManager.java. Using fallback presentation compiler.
2026.05.20 08:51:31 INFO  no build target found for C:\Users\user\OneDrive\Desktop\obbiydaalt\ShopManager.java. Using fallback presentation compiler.
2026.05.20 08:51:31 WARN  Running javac-semanticdb failed for file:///C:/Users/user/OneDrive/Desktop/obbiydaalt/ShopManager.java. Output:

2026.05.20 08:51:31 INFO  no build target found for C:\Users\user\OneDrive\Desktop\obbiydaalt\ShopManager.java. Using fallback presentation compiler.
2026.05.20 08:51:31 INFO  no build target found for C:\Users\user\OneDrive\Desktop\obbiydaalt\ShopManager.java. Using fallback presentation compiler.
2026.05.20 08:51:32 INFO  no build target found for C:\Users\user\OneDrive\Desktop\obbiydaalt\ShopManager.java. Using fallback presentation compiler.
2026.05.20 08:51:32 INFO  no build target found for C:\Users\user\OneDrive\Desktop\obbiydaalt\ShopManager.java. Using fallback presentation compiler.
May 20, 2026 8:51:32 AM org.eclipse.lsp4j.jsonrpc.RemoteEndpoint handleCancellation
WARNING: Unmatched cancel notification for request id 6929
2026.05.20 08:51:32 WARN  Running javac-semanticdb failed for file:///C:/Users/user/OneDrive/Desktop/obbiydaalt/ShopManager.java. Output:

2026.05.20 08:51:32 INFO  no build target found for C:\Users\user\OneDrive\Desktop\obbiydaalt\ShopManager.java. Using fallback presentation compiler.
2026.05.20 08:51:32 INFO  no build target found for C:\Users\user\OneDrive\Desktop\obbiydaalt\ShopManager.java. Using fallback presentation compiler.
2026.05.20 08:51:32 WARN  Running javac-semanticdb failed for file:///C:/Users/user/OneDrive/Desktop/obbiydaalt/ShopManager.java. Output:

2026.05.20 08:51:32 INFO  no build target found for C:\Users\user\OneDrive\Desktop\obbiydaalt\ShopManager.java. Using fallback presentation compiler.
2026.05.20 08:51:32 INFO  no build target found for C:\Users\user\OneDrive\Desktop\obbiydaalt\ShopManager.java. Using fallback presentation compiler.
2026.05.20 08:51:32 INFO  no build target found for C:\Users\user\OneDrive\Desktop\obbiydaalt\ShopManager.java. Using fallback presentation compiler.
2026.05.20 08:51:33 INFO  no build target found for C:\Users\user\OneDrive\Desktop\obbiydaalt\ShopManager.java. Using fallback presentation compiler.
2026.05.20 08:51:32 INFO  no build target found for C:\Users\user\OneDrive\Desktop\obbiydaalt\ShopManager.java. Using fallback presentation compiler.
2026.05.20 08:51:32 INFO  no build target found for C:\Users\user\OneDrive\Desktop\obbiydaalt\ShopManager.java. Using fallback presentation compiler.
2026.05.20 08:51:32 INFO  no build target found for C:\Users\user\OneDrive\Desktop\obbiydaalt\ShopManager.java. Using fallback presentation compiler.
2026.05.20 08:51:32 INFO  no build target found for C:\Users\user\OneDrive\Desktop\obbiydaalt\ShopManager.java. Using fallback presentation compiler.
2026.05.20 08:51:33 INFO  no build target found for C:\Users\user\OneDrive\Desktop\obbiydaalt\ShopManager.java. Using fallback presentation compiler.
2026.05.20 08:51:33 INFO  no build target found for C:\Users\user\OneDrive\Desktop\obbiydaalt\ShopManager.java. Using fallback presentation compiler.
2026.05.20 08:51:33 WARN  Running javac-semanticdb failed for file:///C:/Users/user/OneDrive/Desktop/obbiydaalt/ShopManager.java. Output:

2026.05.20 08:51:33 INFO  no build target found for C:\Users\user\OneDrive\Desktop\obbiydaalt\ShopManager.java. Using fallback presentation compiler.
2026.05.20 08:51:33 INFO  no build target found for C:\Users\user\OneDrive\Desktop\obbiydaalt\ShopManager.java. Using fallback presentation compiler.
2026.05.20 08:51:33 INFO  no build target found for C:\Users\user\OneDrive\Desktop\obbiydaalt\ShopManager.java. Using fallback presentation compiler.
2026.05.20 08:51:34 WARN  no build target for: C:\Users\user\OneDrive\Desktop\obbiydaalt\ShopManager.java
2026.05.20 08:51:34 INFO  QDox parse error in file:///C:/Users/user/OneDrive/Desktop/obbiydaalt/ShopManager.java (full report at: "C:\Users\user\OneDrive\Desktop\obbiydaalt\.metals\.reports\metals-full\2026-05-20\r_qdox-error_08-51-09-978.md")
2026.05.20 08:51:34 INFO  no build target found for C:\Users\user\OneDrive\Desktop\obbiydaalt\ShopManager.java. Using fallback presentation compiler.
2026.05.20 08:51:34 INFO  no build target found for C:\Users\user\OneDrive\Desktop\obbiydaalt\ShopManager.java. Using fallback presentation compiler.
2026.05.20 08:51:34 INFO  no build target found for C:\Users\user\OneDrive\Desktop\obbiydaalt\ShopManager.java. Using fallback presentation compiler.
2026.05.20 08:51:35 INFO  no build target found for C:\Users\user\OneDrive\Desktop\obbiydaalt\ShopManager.java. Using fallback presentation compiler.
2026.05.20 08:51:35 WARN  Running javac-semanticdb failed for file:///C:/Users/user/OneDrive/Desktop/obbiydaalt/ShopManager.java. Output:

2026.05.20 08:51:34 INFO  no build target found for C:\Users\user\OneDrive\Desktop\obbiydaalt\ShopManager.java. Using fallback presentation compiler.
2026.05.20 08:51:34 INFO  no build target found for C:\Users\user\OneDrive\Desktop\obbiydaalt\ShopManager.java. Using fallback presentation compiler.
2026.05.20 08:51:35 WARN  no build target for: C:\Users\user\OneDrive\Desktop\obbiydaalt\ShopManager.java
2026.05.20 08:51:35 INFO  QDox parse error in file:///C:/Users/user/OneDrive/Desktop/obbiydaalt/ShopManager.java (full report at: "C:\Users\user\OneDrive\Desktop\obbiydaalt\.metals\.reports\metals-full\2026-05-20\r_qdox-error_08-51-09-978.md")
2026.05.20 08:51:35 INFO  no build target found for C:\Users\user\OneDrive\Desktop\obbiydaalt\ShopManager.java. Using fallback presentation compiler.
2026.05.20 08:51:36 INFO  no build target found for C:\Users\user\OneDrive\Desktop\obbiydaalt\ShopManager.java. Using fallback presentation compiler.
2026.05.20 08:51:36 INFO  no build target found for C:\Users\user\OneDrive\Desktop\obbiydaalt\ShopManager.java. Using fallback presentation compiler.
2026.05.20 08:51:36 INFO  no build target found for C:\Users\user\OneDrive\Desktop\obbiydaalt\ShopManager.java. Using fallback presentation compiler.
2026.05.20 08:51:36 INFO  no build target found for C:\Users\user\OneDrive\Desktop\obbiydaalt\ShopManager.java. Using fallback presentation compiler.
2026.05.20 08:51:38 INFO  no build target found for C:\Users\user\OneDrive\Desktop\obbiydaalt\ShopManager.java. Using fallback presentation compiler.
2026.05.20 08:51:38 INFO  no build target found for C:\Users\user\OneDrive\Desktop\obbiydaalt\ShopManager.java. Using fallback presentation compiler.
2026.05.20 08:51:38 INFO  no build target found for C:\Users\user\OneDrive\Desktop\obbiydaalt\ShopManager.java. Using fallback presentation compiler.
2026.05.20 08:51:39 WARN  Running javac-semanticdb failed for file:///C:/Users/user/OneDrive/Desktop/obbiydaalt/ShopManager.java. Output:

2026.05.20 08:51:39 INFO  no build target found for C:\Users\user\OneDrive\Desktop\obbiydaalt\ShopManager.java. Using fallback presentation compiler.
2026.05.20 08:51:39 INFO  no build target found for C:\Users\user\OneDrive\Desktop\obbiydaalt\ShopManager.java. Using fallback presentation compiler.
2026.05.20 08:51:39 WARN  no build target for: C:\Users\user\OneDrive\Desktop\obbiydaalt\ShopManager.java
2026.05.20 08:51:39 INFO  QDox parse error in file:///C:/Users/user/OneDrive/Desktop/obbiydaalt/ShopManager.java (full report at: "C:\Users\user\OneDrive\Desktop\obbiydaalt\.metals\.reports\metals-full\2026-05-20\r_qdox-error_08-51-09-978.md")
2026.05.20 08:51:39 INFO  no build target found for C:\Users\user\OneDrive\Desktop\obbiydaalt\ShopManager.java. Using fallback presentation compiler.
2026.05.20 08:51:39 INFO  no build target found for C:\Users\user\OneDrive\Desktop\obbiydaalt\ShopManager.java. Using fallback presentation compiler.
2026.05.20 08:51:39 INFO  no build target found for C:\Users\user\OneDrive\Desktop\obbiydaalt\ShopManager.java. Using fallback presentation compiler.
2026.05.20 08:51:40 INFO  no build target found for C:\Users\user\OneDrive\Desktop\obbiydaalt\ShopManager.java. Using fallback presentation compiler.
2026.05.20 08:51:40 INFO  no build target found for C:\Users\user\OneDrive\Desktop\obbiydaalt\ShopManager.java. Using fallback presentation compiler.
2026.05.20 08:51:40 WARN  Running javac-semanticdb failed for file:///C:/Users/user/OneDrive/Desktop/obbiydaalt/ShopManager.java. Output:

2026.05.20 08:51:40 INFO  no build target found for C:\Users\user\OneDrive\Desktop\obbiydaalt\ShopManager.java. Using fallback presentation compiler.
2026.05.20 08:51:40 INFO  no build target found for C:\Users\user\OneDrive\Desktop\obbiydaalt\ShopManager.java. Using fallback presentation compiler.
2026.05.20 08:51:41 INFO  no build target found for C:\Users\user\OneDrive\Desktop\obbiydaalt\ShopManager.java. Using fallback presentation compiler.
2026.05.20 08:51:40 INFO  no build target found for C:\Users\user\OneDrive\Desktop\obbiydaalt\ShopManager.java. Using fallback presentation compiler.
2026.05.20 08:51:41 INFO  no build target found for C:\Users\user\OneDrive\Desktop\obbiydaalt\ShopManager.java. Using fallback presentation compiler.
2026.05.20 08:51:41 INFO  no build target found for C:\Users\user\OneDrive\Desktop\obbiydaalt\ShopManager.java. Using fallback presentation compiler.
2026.05.20 08:51:41 INFO  no build target found for C:\Users\user\OneDrive\Desktop\obbiydaalt\ShopManager.java. Using fallback presentation compiler.
2026.05.20 08:51:41 INFO  no build target found for C:\Users\user\OneDrive\Desktop\obbiydaalt\ShopManager.java. Using fallback presentation compiler.
2026.05.20 08:51:42 WARN  Running javac-semanticdb failed for file:///C:/Users/user/OneDrive/Desktop/obbiydaalt/ShopManager.java. Output:

2026.05.20 08:51:41 INFO  no build target found for C:\Users\user\OneDrive\Desktop\obbiydaalt\ShopManager.java. Using fallback presentation compiler.
2026.05.20 08:51:41 INFO  no build target found for C:\Users\user\OneDrive\Desktop\obbiydaalt\ShopManager.java. Using fallback presentation compiler.
2026.05.20 08:51:41 WARN  Running javac-semanticdb failed for file:///C:/Users/user/OneDrive/Desktop/obbiydaalt/ShopManager.java. Output:

2026.05.20 08:51:41 INFO  no build target found for C:\Users\user\OneDrive\Desktop\obbiydaalt\ShopManager.java. Using fallback presentation compiler.
2026.05.20 08:51:42 INFO  no build target found for C:\Users\user\OneDrive\Desktop\obbiydaalt\ShopManager.java. Using fallback presentation compiler.
2026.05.20 08:51:42 INFO  no build target found for C:\Users\user\OneDrive\Desktop\obbiydaalt\ShopManager.java. Using fallback presentation compiler.
2026.05.20 08:51:42 INFO  no build target found for C:\Users\user\OneDrive\Desktop\obbiydaalt\ShopManager.java. Using fallback presentation compiler.
2026.05.20 08:51:42 WARN  Running javac-semanticdb failed for file:///C:/Users/user/OneDrive/Desktop/obbiydaalt/ShopManager.java. Output:

2026.05.20 08:51:42 INFO  no build target found for C:\Users\user\OneDrive\Desktop\obbiydaalt\ShopManager.java. Using fallback presentation compiler.
2026.05.20 08:51:42 INFO  no build target found for C:\Users\user\OneDrive\Desktop\obbiydaalt\ShopManager.java. Using fallback presentation compiler.
2026.05.20 08:51:42 INFO  no build target found for C:\Users\user\OneDrive\Desktop\obbiydaalt\ShopManager.java. Using fallback presentation compiler.
2026.05.20 08:51:43 WARN  Running javac-semanticdb failed for file:///C:/Users/user/OneDrive/Desktop/obbiydaalt/ShopManager.java. Output:

2026.05.20 08:51:42 INFO  no build target found for C:\Users\user\OneDrive\Desktop\obbiydaalt\ShopManager.java. Using fallback presentation compiler.
2026.05.20 08:51:43 INFO  no build target found for C:\Users\user\OneDrive\Desktop\obbiydaalt\ShopManager.java. Using fallback presentation compiler.
2026.05.20 08:51:43 WARN  no build target for: C:\Users\user\OneDrive\Desktop\obbiydaalt\ShopManager.java
2026.05.20 08:51:43 INFO  QDox parse error in file:///C:/Users/user/OneDrive/Desktop/obbiydaalt/ShopManager.java (full report at: "C:\Users\user\OneDrive\Desktop\obbiydaalt\.metals\.reports\metals-full\2026-05-20\r_qdox-error_08-51-09-978.md")
2026.05.20 08:51:43 INFO  no build target found for C:\Users\user\OneDrive\Desktop\obbiydaalt\ShopManager.java. Using fallback presentation compiler.
2026.05.20 08:51:43 INFO  no build target found for C:\Users\user\OneDrive\Desktop\obbiydaalt\ShopManager.java. Using fallback presentation compiler.
2026.05.20 08:51:43 INFO  no build target found for C:\Users\user\OneDrive\Desktop\obbiydaalt\ShopManager.java. Using fallback presentation compiler.
2026.05.20 08:51:44 INFO  no build target found for C:\Users\user\OneDrive\Desktop\obbiydaalt\ShopManager.java. Using fallback presentation compiler.
2026.05.20 08:51:44 WARN  Running javac-semanticdb failed for file:///C:/Users/user/OneDrive/Desktop/obbiydaalt/ShopManager.java. Output:

2026.05.20 08:51:44 INFO  no build target found for C:\Users\user\OneDrive\Desktop\obbiydaalt\ShopManager.java. Using fallback presentation compiler.
2026.05.20 08:51:44 WARN  no build target for: C:\Users\user\OneDrive\Desktop\obbiydaalt\ShopManager.java
2026.05.20 08:51:45 INFO  QDox parse error in file:///C:/Users/user/OneDrive/Desktop/obbiydaalt/ShopManager.java (full report at: "C:\Users\user\OneDrive\Desktop\obbiydaalt\.metals\.reports\metals-full\2026-05-20\r_qdox-error_08-51-09-978.md")
2026.05.20 08:51:45 INFO  no build target found for C:\Users\user\OneDrive\Desktop\obbiydaalt\ShopManager.java. Using fallback presentation compiler.
2026.05.20 08:51:44 INFO  no build target found for C:\Users\user\OneDrive\Desktop\obbiydaalt\ShopManager.java. Using fallback presentation compiler.
2026.05.20 08:51:46 INFO  no build target found for C:\Users\user\OneDrive\Desktop\obbiydaalt\ShopManager.java. Using fallback presentation compiler.
2026.05.20 08:51:46 INFO  no build target found for C:\Users\user\OneDrive\Desktop\obbiydaalt\ShopManager.java. Using fallback presentation compiler.
2026.05.20 08:51:46 INFO  no build target found for C:\Users\user\OneDrive\Desktop\obbiydaalt\ShopManager.java. Using fallback presentation compiler.
2026.05.20 08:51:46 WARN  Running javac-semanticdb failed for file:///C:/Users/user/OneDrive/Desktop/obbiydaalt/ShopManager.java. Output:

2026.05.20 08:51:46 INFO  no build target found for C:\Users\user\OneDrive\Desktop\obbiydaalt\ShopManager.java. Using fallback presentation compiler.
2026.05.20 08:51:47 WARN  no build target for: C:\Users\user\OneDrive\Desktop\obbiydaalt\ShopManager.java
2026.05.20 08:51:46 INFO  QDox parse error in file:///C:/Users/user/OneDrive/Desktop/obbiydaalt/ShopManager.java (full report at: "C:\Users\user\OneDrive\Desktop\obbiydaalt\.metals\.reports\metals-full\2026-05-20\r_qdox-error_08-51-09-978.md")
2026.05.20 08:51:47 INFO  no build target found for C:\Users\user\OneDrive\Desktop\obbiydaalt\ShopManager.java. Using fallback presentation compiler.
2026.05.20 08:51:47 INFO  no build target found for C:\Users\user\OneDrive\Desktop\obbiydaalt\ShopManager.java. Using fallback presentation compiler.
2026.05.20 08:51:47 INFO  no build target found for C:\Users\user\OneDrive\Desktop\obbiydaalt\ShopManager.java. Using fallback presentation compiler.
2026.05.20 08:51:47 INFO  no build target found for C:\Users\user\OneDrive\Desktop\obbiydaalt\ShopManager.java. Using fallback presentation compiler.
2026.05.20 08:51:47 WARN  Running javac-semanticdb failed for file:///C:/Users/user/OneDrive/Desktop/obbiydaalt/ShopManager.java. Output:

2026.05.20 08:51:47 INFO  no build target found for C:\Users\user\OneDrive\Desktop\obbiydaalt\ShopManager.java. Using fallback presentation compiler.
2026.05.20 08:51:48 INFO  no build target found for C:\Users\user\OneDrive\Desktop\obbiydaalt\ShopManager.java. Using fallback presentation compiler.
2026.05.20 08:51:48 WARN  Running javac-semanticdb failed for file:///C:/Users/user/OneDrive/Desktop/obbiydaalt/ShopManager.java. Output:

2026.05.20 08:51:48 INFO  no build target found for C:\Users\user\OneDrive\Desktop\obbiydaalt\ShopManager.java. Using fallback presentation compiler.
2026.05.20 08:51:48 INFO  no build target found for C:\Users\user\OneDrive\Desktop\obbiydaalt\ShopManager.java. Using fallback presentation compiler.
2026.05.20 08:51:48 INFO  no build target found for C:\Users\user\OneDrive\Desktop\obbiydaalt\ShopManager.java. Using fallback presentation compiler.
2026.05.20 08:51:48 INFO  no build target found for C:\Users\user\OneDrive\Desktop\obbiydaalt\ShopManager.java. Using fallback presentation compiler.
2026.05.20 08:51:49 INFO  no build target found for C:\Users\user\OneDrive\Desktop\obbiydaalt\ShopManager.java. Using fallback presentation compiler.
2026.05.20 08:51:49 INFO  no build target found for C:\Users\user\OneDrive\Desktop\obbiydaalt\ShopManager.java. Using fallback presentation compiler.
2026.05.20 08:51:49 INFO  no build target found for C:\Users\user\OneDrive\Desktop\obbiydaalt\ShopManager.java. Using fallback presentation compiler.
2026.05.20 08:51:49 INFO  no build target found for C:\Users\user\OneDrive\Desktop\obbiydaalt\ShopManager.java. Using fallback presentation compiler.
2026.05.20 08:51:49 INFO  no build target found for C:\Users\user\OneDrive\Desktop\obbiydaalt\ShopManager.java. Using fallback presentation compiler.
2026.05.20 08:51:49 INFO  no build target found for C:\Users\user\OneDrive\Desktop\obbiydaalt\ShopManager.java. Using fallback presentation compiler.
2026.05.20 08:51:49 INFO  no build target found for C:\Users\user\OneDrive\Desktop\obbiydaalt\ShopManager.java. Using fallback presentation compiler.
2026.05.20 08:51:50 WARN  Running javac-semanticdb failed for file:///C:/Users/user/OneDrive/Desktop/obbiydaalt/ShopManager.java. Output:

2026.05.20 08:51:49 INFO  no build target found for C:\Users\user\OneDrive\Desktop\obbiydaalt\ShopManager.java. Using fallback presentation compiler.
2026.05.20 08:51:49 INFO  no build target found for C:\Users\user\OneDrive\Desktop\obbiydaalt\ShopManager.java. Using fallback presentation compiler.
2026.05.20 08:51:50 INFO  no build target found for C:\Users\user\OneDrive\Desktop\obbiydaalt\ShopManager.java. Using fallback presentation compiler.
2026.05.20 08:51:50 WARN  Running javac-semanticdb failed for file:///C:/Users/user/OneDrive/Desktop/obbiydaalt/ShopManager.java. Output:

2026.05.20 08:51:50 INFO  no build target found for C:\Users\user\OneDrive\Desktop\obbiydaalt\ShopManager.java. Using fallback presentation compiler.
2026.05.20 08:51:50 INFO  no build target found for C:\Users\user\OneDrive\Desktop\obbiydaalt\ShopManager.java. Using fallback presentation compiler.
2026.05.20 08:51:50 INFO  no build target found for C:\Users\user\OneDrive\Desktop\obbiydaalt\ShopManager.java. Using fallback presentation compiler.
2026.05.20 08:51:50 INFO  no build target found for C:\Users\user\OneDrive\Desktop\obbiydaalt\ShopManager.java. Using fallback presentation compiler.
2026.05.20 08:51:50 INFO  no build target found for C:\Users\user\OneDrive\Desktop\obbiydaalt\ShopManager.java. Using fallback presentation compiler.
2026.05.20 08:51:51 INFO  no build target found for C:\Users\user\OneDrive\Desktop\obbiydaalt\ShopManager.java. Using fallback presentation compiler.
2026.05.20 08:51:51 INFO  no build target found for C:\Users\user\OneDrive\Desktop\obbiydaalt\ShopManager.java. Using fallback presentation compiler.
2026.05.20 08:51:51 WARN  Running javac-semanticdb failed for file:///C:/Users/user/OneDrive/Desktop/obbiydaalt/ShopManager.java. Output:

2026.05.20 08:51:51 INFO  no build target found for C:\Users\user\OneDrive\Desktop\obbiydaalt\ShopManager.java. Using fallback presentation compiler.
2026.05.20 08:51:51 INFO  no build target found for C:\Users\user\OneDrive\Desktop\obbiydaalt\ShopManager.java. Using fallback presentation compiler.
2026.05.20 08:51:52 INFO  no build target found for C:\Users\user\OneDrive\Desktop\obbiydaalt\ShopManager.java. Using fallback presentation compiler.
2026.05.20 08:51:52 WARN  Running javac-semanticdb failed for file:///C:/Users/user/OneDrive/Desktop/obbiydaalt/ShopManager.java. Output:

2026.05.20 08:51:53 WARN  no build target for: C:\Users\user\OneDrive\Desktop\obbiydaalt\ShopManager.java
2026.05.20 08:51:53 INFO  QDox parse error in file:///C:/Users/user/OneDrive/Desktop/obbiydaalt/ShopManager.java (full report at: "C:\Users\user\OneDrive\Desktop\obbiydaalt\.metals\.reports\metals-full\2026-05-20\r_qdox-error_08-51-09-978.md")
2026.05.20 08:51:53 INFO  no build target found for C:\Users\user\OneDrive\Desktop\obbiydaalt\ShopManager.java. Using fallback presentation compiler.
2026.05.20 08:51:53 INFO  no build target found for C:\Users\user\OneDrive\Desktop\obbiydaalt\ShopManager.java. Using fallback presentation compiler.
2026.05.20 08:51:53 INFO  no build target found for C:\Users\user\OneDrive\Desktop\obbiydaalt\ShopManager.java. Using fallback presentation compiler.
2026.05.20 08:51:53 INFO  no build target found for C:\Users\user\OneDrive\Desktop\obbiydaalt\ShopManager.java. Using fallback presentation compiler.
2026.05.20 08:51:53 INFO  no build target found for C:\Users\user\OneDrive\Desktop\obbiydaalt\ShopManager.java. Using fallback presentation compiler.
2026.05.20 08:51:54 INFO  no build target found for C:\Users\user\OneDrive\Desktop\obbiydaalt\ShopManager.java. Using fallback presentation compiler.
2026.05.20 08:51:53 INFO  no build target found for C:\Users\user\OneDrive\Desktop\obbiydaalt\ShopManager.java. Using fallback presentation compiler.
2026.05.20 08:51:53 INFO  no build target found for C:\Users\user\OneDrive\Desktop\obbiydaalt\ShopManager.java. Using fallback presentation compiler.
2026.05.20 08:51:53 INFO  no build target found for C:\Users\user\OneDrive\Desktop\obbiydaalt\ShopManager.java. Using fallback presentation compiler.
2026.05.20 08:51:54 WARN  Running javac-semanticdb failed for file:///C:/Users/user/OneDrive/Desktop/obbiydaalt/ShopManager.java. Output:

2026.05.20 08:51:54 INFO  no build target found for C:\Users\user\OneDrive\Desktop\obbiydaalt\ShopManager.java. Using fallback presentation compiler.
2026.05.20 08:51:53 INFO  no build target found for C:\Users\user\OneDrive\Desktop\obbiydaalt\ShopManager.java. Using fallback presentation compiler.
2026.05.20 08:51:53 INFO  no build target found for C:\Users\user\OneDrive\Desktop\obbiydaalt\ShopManager.java. Using fallback presentation compiler.
2026.05.20 08:51:55 INFO  no build target found for C:\Users\user\OneDrive\Desktop\obbiydaalt\ShopManager.java. Using fallback presentation compiler.
2026.05.20 08:51:54 WARN  Running javac-semanticdb failed for file:///C:/Users/user/OneDrive/Desktop/obbiydaalt/ShopManager.java. Output:

2026.05.20 08:51:55 INFO  no build target found for C:\Users\user\OneDrive\Desktop\obbiydaalt\ShopManager.java. Using fallback presentation compiler.
2026.05.20 08:51:55 INFO  no build target found for C:\Users\user\OneDrive\Desktop\obbiydaalt\ShopManager.java. Using fallback presentation compiler.
2026.05.20 08:51:55 INFO  no build target found for C:\Users\user\OneDrive\Desktop\obbiydaalt\ShopManager.java. Using fallback presentation compiler.
2026.05.20 08:51:55 INFO  no build target found for C:\Users\user\OneDrive\Desktop\obbiydaalt\ShopManager.java. Using fallback presentation compiler.
2026.05.20 08:51:55 WARN  Running javac-semanticdb failed for file:///C:/Users/user/OneDrive/Desktop/obbiydaalt/ShopManager.java. Output:

2026.05.20 08:51:55 INFO  no build target found for C:\Users\user\OneDrive\Desktop\obbiydaalt\ShopManager.java. Using fallback presentation compiler.
2026.05.20 08:51:55 INFO  no build target found for C:\Users\user\OneDrive\Desktop\obbiydaalt\ShopManager.java. Using fallback presentation compiler.
2026.05.20 08:51:55 INFO  no build target found for C:\Users\user\OneDrive\Desktop\obbiydaalt\ShopManager.java. Using fallback presentation compiler.
May 20, 2026 8:51:55 AM org.eclipse.lsp4j.jsonrpc.RemoteEndpoint handleCancellation
WARNING: Unmatched cancel notification for request id 7129
2026.05.20 08:51:55 INFO  no build target found for C:\Users\user\OneDrive\Desktop\obbiydaalt\ShopManager.java. Using fallback presentation compiler.
2026.05.20 08:51:55 INFO  no build target found for C:\Users\user\OneDrive\Desktop\obbiydaalt\ShopManager.java. Using fallback presentation compiler.
2026.05.20 08:51:55 INFO  no build target found for C:\Users\user\OneDrive\Desktop\obbiydaalt\ShopManager.java. Using fallback presentation compiler.
2026.05.20 08:51:55 INFO  no build target found for C:\Users\user\OneDrive\Desktop\obbiydaalt\ShopManager.java. Using fallback presentation compiler.
2026.05.20 08:51:55 INFO  no build target found for C:\Users\user\OneDrive\Desktop\obbiydaalt\ShopManager.java. Using fallback presentation compiler.
2026.05.20 08:51:56 INFO  no build target found for C:\Users\user\OneDrive\Desktop\obbiydaalt\ShopManager.java. Using fallback presentation compiler.
2026.05.20 08:51:56 WARN  Running javac-semanticdb failed for file:///C:/Users/user/OneDrive/Desktop/obbiydaalt/ShopManager.java. Output:

2026.05.20 08:51:56 INFO  no build target found for C:\Users\user\OneDrive\Desktop\obbiydaalt\ShopManager.java. Using fallback presentation compiler.
2026.05.20 08:51:56 INFO  no build target found for C:\Users\user\OneDrive\Desktop\obbiydaalt\ShopManager.java. Using fallback presentation compiler.
2026.05.20 08:51:56 INFO  no build target found for C:\Users\user\OneDrive\Desktop\obbiydaalt\ShopManager.java. Using fallback presentation compiler.
2026.05.20 08:51:56 INFO  no build target found for C:\Users\user\OneDrive\Desktop\obbiydaalt\ShopManager.java. Using fallback presentation compiler.
2026.05.20 08:51:57 WARN  Running javac-semanticdb failed for file:///C:/Users/user/OneDrive/Desktop/obbiydaalt/ShopManager.java. Output:

2026.05.20 08:51:57 INFO  no build target found for C:\Users\user\OneDrive\Desktop\obbiydaalt\ShopManager.java. Using fallback presentation compiler.
2026.05.20 08:51:57 INFO  no build target found for C:\Users\user\OneDrive\Desktop\obbiydaalt\ShopManager.java. Using fallback presentation compiler.
2026.05.20 08:51:57 INFO  QDox parse error in file:///C:/Users/user/OneDrive/Desktop/obbiydaalt/ShopManager.java (full report at: "C:\Users\user\OneDrive\Desktop\obbiydaalt\.metals\.reports\metals-full\2026-05-20\r_qdox-error_08-51-09-978.md")
2026.05.20 08:51:57 WARN  no build target for: C:\Users\user\OneDrive\Desktop\obbiydaalt\ShopManager.java
2026.05.20 08:51:57 INFO  no build target found for C:\Users\user\OneDrive\Desktop\obbiydaalt\ShopManager.java. Using fallback presentation compiler.
2026.05.20 08:51:59 INFO  no build target found for C:\Users\user\OneDrive\Desktop\obbiydaalt\ShopManager.java. Using fallback presentation compiler.
2026.05.20 08:51:59 INFO  no build target found for C:\Users\user\OneDrive\Desktop\obbiydaalt\ShopManager.java. Using fallback presentation compiler.
2026.05.20 08:51:59 INFO  no build target found for C:\Users\user\OneDrive\Desktop\obbiydaalt\ShopManager.java. Using fallback presentation compiler.
2026.05.20 08:52:00 WARN  Running javac-semanticdb failed for file:///C:/Users/user/OneDrive/Desktop/obbiydaalt/ShopManager.java. Output:

2026.05.20 08:52:00 INFO  no build target found for C:\Users\user\OneDrive\Desktop\obbiydaalt\ShopManager.java. Using fallback presentation compiler.
2026.05.20 08:52:00 INFO  no build target found for C:\Users\user\OneDrive\Desktop\obbiydaalt\ShopManager.java. Using fallback presentation compiler.
2026.05.20 08:52:01 WARN  no build target for: C:\Users\user\OneDrive\Desktop\obbiydaalt\ShopManager.java
2026.05.20 08:52:01 INFO  no build target found for C:\Users\user\OneDrive\Desktop\obbiydaalt\ShopManager.java. Using fallback presentation compiler.
2026.05.20 08:52:49 INFO  no build target found for C:\Users\user\OneDrive\Desktop\obbiydaalt\Product.java. Using fallback presentation compiler.
2026.05.20 08:52:49 WARN  no build target for: C:\Users\user\OneDrive\Desktop\obbiydaalt\Product.java
2026.05.20 08:52:49 INFO  no build target found for C:\Users\user\OneDrive\Desktop\obbiydaalt\Product.java. Using fallback presentation compiler.
2026.05.20 08:52:49 INFO  no build target found for C:\Users\user\OneDrive\Desktop\obbiydaalt\Product.java. Using fallback presentation compiler.
2026.05.20 08:52:49 INFO  no build target found for C:\Users\user\OneDrive\Desktop\obbiydaalt\Product.java. Using fallback presentation compiler.
2026.05.20 08:52:52 INFO  no build target found for C:\Users\user\OneDrive\Desktop\obbiydaalt\Product.java. Using fallback presentation compiler.
2026.05.20 08:53:01 INFO  no build target found for C:\Users\user\OneDrive\Desktop\obbiydaalt\ShopManager.java. Using fallback presentation compiler.
2026.05.20 08:53:01 WARN  no build target for: C:\Users\user\OneDrive\Desktop\obbiydaalt\ShopManager.java
2026.05.20 08:53:01 INFO  no build target found for C:\Users\user\OneDrive\Desktop\obbiydaalt\ShopManager.java. Using fallback presentation compiler.
2026.05.20 08:53:01 INFO  no build target found for C:\Users\user\OneDrive\Desktop\obbiydaalt\ShopManager.java. Using fallback presentation compiler.
2026.05.20 08:53:01 INFO  no build target found for C:\Users\user\OneDrive\Desktop\obbiydaalt\ShopManager.java. Using fallback presentation compiler.
